id,firstName,lastName,email,gender,contactNo,country,dob
1,Daniel,Taylor,rogerscharles@gmail.com,Female,-7650,Marshall Islands,26-11-1990
2,Aaron,Jones,daviskerri@parsons-murray.org,Female,952-884-3327x96156,Hungary,06-10-1977
3,Daniel,Torres,sarah43@ruiz.net,Male,(545)405-6317x82668,New Caledonia,02-08-1981
4,Chad,Graham,jonesdeborah@gmail.com,Female,989-214-4348x086,Greece,27-06-1964
5,Alexandra,Pitts,tbrown@davis.info,Other,001-505-233-2983x060,Portugal,23-11-1995
6,Russell,Wang,erika73@yahoo.com,Male,983-407-5317x8275,Madagascar,07-04-1987
7,Alexis,Turner,hooderin@brown.biz,Female,389-692-6549x60061,Cape Verde,27-01-1991
8,Katherine,Ramirez,tiffanymarshall@yahoo.com,Female,-3915,Denmark,03-01-2002
9,Brittany,Pierce,ejordan@gmail.com,Male,679-079-8159,Wallis and Futuna,03-06-2001
10,Alyssa,Martinez,eric38@dixon.biz,Other,001-180-940-5208x4506,Armenia,25-11-1954
11,Dominic,Snyder,vwong@yahoo.com,Female,953.002.3603x998,El Salvador,12-06-1975
12,Brandon,Davis,fdavis@gmail.com,Female,1821060433,Afghanistan,27-08-2007
13,Paul,Owens,joan95@thomas.com,Female,3663212922,Bahrain,11-02-1979
14,Kevin,Hernandez,michaeldavis@yahoo.com,Male,7022941642,Cape Verde,18-01-1960
15,Garrett,Jefferson,monicadelacruz@gibson.com,Male,197.041.8766x62430,Slovakia (Slovak Republic),22-08-1983
16,Anna,Alvarado,buckleyjohnathan@taylor-hammond.biz,Male,284-735-2212,Norfolk Island,19-02-1977
17,Mary,Mcdonald,henry14@gmail.com,Other,0315328168,Ireland,13-01-1963
18,Brian,Norton,kellycross@smith-clarke.com,Other,681-517-9136,Uruguay,23-01-1960
19,Nathan,Maldonado,mvazquez@romero.org,Female,(386)594-6849x11429,Portugal,19-04-1955
20,Christopher,Alvarado,chuynh@yahoo.com,Male,659-177-4818,Nauru,07-10-1959
21,Jeffrey,Kim,jessicafox@miller.net,Male,(158)945-9469x785,Russian Federation,04-06-1979
22,Peggy,Barnes,nmcdonald@gmail.com,Female,789-212-9622,Saint Kitts and Nevis,19-09-1965
23,Robert,Whitaker,bowersstephanie@yahoo.com,Other,-5446,Syrian Arab Republic,06-05-1959
24,Frank,Newton,david40@williamson-santos.com,Other,112.240.3181x633,Burkina Faso,30-06-1995
25,Heidi,Johnson,christina89@hotmail.com,Other,001-116-259-3896x0567,Afghanistan,15-07-1985
26,Anthony,Miller,cgreen@gmail.com,Male,001-140-976-9894x90834,Yemen,11-06-1978
27,Michelle,Berg,kelly44@yahoo.com,Female,(478)311-9814x764,Brazil,23-09-1981
28,Richard,Perez,brianmorrison@rivera.info,Other,(599)547-8170x72671,Greenland,16-06-1986
29,Kelly,Perez,foxmisty@mcgrath.com,Female,666-436-9339,Bangladesh,07-02-1975
30,James,Hayes,fernandezcrystal@jones.info,Other,434-999-1386,Equatorial Guinea,03-08-1955
31,Mitchell,Rice,kimberly45@marshall.com,Other,268.224.3781x3570,Tanzania,31-03-1956
32,Travis,Alvarado,antoniobell@yahoo.com,Female,433.968.9213,Cote d'Ivoire,06-01-1955
33,Jennifer,Lewis,nparker@cook-weaver.com,Other,(754)225-0474x60411,Oman,10-05-1955
34,Joseph,Callahan,maria43@zamora-elliott.com,Female,0038471795,Italy,21-07-1955
35,Richard,Lyons,hwise@yahoo.com,Female,166.064.4526x066,Spain,11-07-1984
36,Justin,Khan,santiagobernard@gmail.com,Female,106.535.6941,Argentina,05-04-1959
37,Jennifer,Jefferson,michael06@yahoo.com,Other,828-445-7556x4645,Dominica,02-10-2002
38,Jacqueline,Mccarthy,schmidtkenneth@hotmail.com,Female,1542509664,Barbados,29-09-2005
39,Gordon,Flores,brettstewart@yahoo.com,Male,532.239.3965x2797,New Caledonia,20-05-1972
40,Hunter,Burgess,biancameyer@gmail.com,Other,001-580-225-7245x1795,Azerbaijan,11-08-1996
41,Heather,Moore,martha65@gallagher-anderson.com,Male,(825)400-6564x59271,Senegal,15-04-1978
42,Amy,Porter,angelapruitt@pennington-long.biz,Other,142.049.5679,Seychelles,24-09-1982
43,Cynthia,Miller,mullinsjason@taylor.biz,Female,145.859.2116x10339,Belgium,09-06-1994
44,Nicole,Cunningham,mtorres@smith-anderson.com,Male,278-451-3045x550,Cyprus,17-06-1992
45,Jeffrey,Anderson,tonygonzalez@gmail.com,Other,001-793-825-7350x777,Macao,07-02-2007
46,Julia,Sanchez,carolyn02@harrington-brown.net,Male,-9426,Eritrea,11-05-1971
47,Rachel,Palmer,oscott@morgan-harris.com,Female,964-249-8215,Paraguay,29-07-1960
48,Kimberly,Mason,samantha22@hotmail.com,Male,768.455.7139,Mayotte,03-11-2007
49,Hannah,Holland,ryanhayes@yahoo.com,Male,001-124-017-4852x43743,Martinique,09-12-1959
50,Christopher,Smith,rickyyoung@gmail.com,Female,(533)566-1703,Kenya,28-10-1992
51,Sharon,Martinez,jacksonmarcus@mcmillan-compton.info,Female,6092517380,Kiribati,11-02-1975
52,Gloria,Ramirez,nicholsonrobert@hotmail.com,Other,+1-156-972-1482x977,Afghanistan,30-08-1997
53,Brad,Reed,rjohnson@flores-mays.com,Other,001-941-471-1420x237,Central African Republic,27-12-1991
54,Brian,Carey,janetramirez@hotmail.com,Male,3410786085,Oman,21-05-1964
55,Scott,Miller,williamsmichael@hotmail.com,Other,3773758009,Croatia,14-03-1992
56,Audrey,Mitchell,nancy49@wright-simon.com,Male,001-592-346-4414,Seychelles,18-08-1958
57,Jeffrey,Bowen,briannasmith@gmail.com,Other,303-220-1852x764,Nicaragua,02-04-1980
58,Maurice,Stevens,robleschristopher@bird.info,Female,+1-550-864-5381x0219,Kiribati,15-03-1967
59,Adam,Oneill,vrivera@williams.com,Other,001-082-159-1756x74227,Tunisia,23-07-1970
60,Michael,Martin,vargasarthur@willis-cummings.com,Other,001-222-668-4652x0438,Afghanistan,07-01-2006
61,Janice,Smith,hannahmelendez@brady-jones.biz,Female,256.007.6541,Myanmar,05-07-1955
62,Cynthia,Leon,kyle28@allen.com,Other,+1-387-847-4882x5121,Monaco,11-04-1968
63,Erik,Herrera,knightkim@schmidt.com,Female,+1-445-994-8434x22476,Oman,31-12-1989
64,Jillian,Shannon,rroy@hotmail.com,Other,(665)934-5749x936,Turkmenistan,26-11-1977
65,Michael,White,osims@hotmail.com,Male,001-201-837-4225x996,Fiji,13-02-1975
66,Kathryn,Munoz,hannah27@williams.com,Male,-9296,Tunisia,10-08-1956
67,Katrina,Owens,wesley19@hotmail.com,Female,1709079174,Cuba,12-05-1990
68,Deborah,Roman,sgraham@hotmail.com,Female,451.439.1072x36722,Bolivia,21-07-2000
69,Frances,Richards,garciaandrew@gmail.com,Other,(839)142-9805x91160,Angola,24-11-1992
70,William,Mayo,thomasmay@austin-rosario.com,Other,264-758-6765,Indonesia,25-07-1960
71,Darrell,Lopez,natalie84@allen.net,Other,001-758-986-5395,Lithuania,22-11-2003
72,Margaret,Anderson,sarah03@griffin.com,Male,028.562.0722x714,Australia,01-08-1972
73,Michael,Oconnell,aliciaholmes@gmail.com,Other,062.387.1282x222,Malaysia,26-01-1961
74,William,Lyons,benjaminamber@hotmail.com,Male,001-314-027-8357x183,Congo,31-12-1974
75,Christina,Stokes,arthurcarter@gmail.com,Other,(724)420-3522x676,Norway,14-12-1964
76,Daniel,Sharp,yrichardson@yahoo.com,Male,(816)773-4228,Gabon,20-11-1992
77,Christopher,Lopez,barmstrong@gmail.com,Male,001-938-840-4166x577,Bangladesh,30-10-1973
78,Alexander,Carter,elizabethsimpson@porter.com,Other,-2651,Zambia,15-10-1999
79,Lisa,Gutierrez,zjones@yahoo.com,Female,+1-110-005-5236x1817,Norway,17-04-1981
80,Henry,Bentley,mhatfield@reyes-evans.com,Female,655.818.4864x9450,Tanzania,26-09-1978
81,Michelle,Buchanan,kevin43@gmail.com,Female,628.780.0853x48156,Martinique,13-10-1998
82,Joseph,West,williamsdawn@baker.com,Male,001-308-056-4599,Gibraltar,07-01-1958
83,John,Walker,jasonortega@martin.com,Female,(363)624-1313,Pakistan,21-10-2001
84,Rebecca,Silva,amy72@peck.com,Other,001-896-352-1191x85731,United States of America,11-10-1970
85,April,Greene,kenneth23@hotmail.com,Male,968-544-4185x27176,Turks and Caicos Islands,27-10-1988
86,Kristin,Brown,pinedakayla@nixon.biz,Other,936-867-1092,Maldives,03-10-1988
87,Michael,Smith,walkeremily@klein-taylor.com,Male,+1-459-098-6585x041,Northern Mariana Islands,16-04-1970
88,Darlene,Phillips,kvaughn@hotmail.com,Male,(974)460-5970x9395,Solomon Islands,23-03-1986
89,Jennifer,Armstrong,gklein@weber.info,Female,9935405977,Tanzania,03-04-1977
90,Ian,Miller,domingueznicole@gmail.com,Other,-2011,Tokelau,16-08-1966
91,Michael,Ramsey,anthonygreen@gmail.com,Female,717.684.3032x559,Saint Barthelemy,30-07-1991
92,Gabriel,Robbins,ashley51@carlson.com,Female,+1-624-730-2368x389,Wallis and Futuna,12-10-2001
93,Candace,Jackson,djones@gmail.com,Female,(713)457-7581x270,Russian Federation,11-11-1994
94,Sara,Harrington,frankamy@hotmail.com,Male,236-880-7132,Guinea,27-06-1991
95,Antonio,Johnson,nicholas41@thompson-cooper.com,Male,(447)462-3960x7364,Azerbaijan,20-08-1959
96,Brian,Murphy,stephen31@smith-russo.com,Other,001-897-309-7461x2554,Myanmar,26-11-1971
97,David,Martinez,bgonzalez@hayes.com,Other,493-631-1186x7445,Seychelles,03-07-1990
98,Melissa,Wilson,angelica38@gmail.com,Male,372.648.1836,Djibouti,17-03-1998
99,Charles,Duran,steven67@hartman.com,Male,001-949-631-5901x3820,Uzbekistan,25-07-2006
100,Frank,Banks,mezajennifer@robinson.org,Female,001-208-380-9570,Mali,21-09-1985
101,Carolyn,Adams,samuelwalters@goodman.biz,Male,+1-248-993-7572x0104,Myanmar,02-03-2007
102,Michael,Newton,johnfinley@yahoo.com,Male,168.149.1507x64412,Mauritania,27-02-1956
103,Lauren,Jones,brownheather@owens.com,Male,001-723-061-1662x5495,Denmark,16-01-1963
104,Jennifer,Jordan,codyrubio@gmail.com,Female,031.073.0535,Cayman Islands,25-03-1998
105,Bruce,Doyle,jennifer09@hotmail.com,Male,(178)012-2959x696,New Zealand,08-04-1987
106,Henry,Young,asimpson@alvarez-diaz.com,Other,001-834-660-6564x70178,Switzerland,18-12-1969
107,Michael,Jensen,amanda88@green.com,Female,6579779780,Japan,27-10-1989
108,Sharon,Walters,haley99@hotmail.com,Other,+1-297-265-2782x90717,Philippines,24-10-1969
109,Kevin,Martinez,palmermelissa@yahoo.com,Female,+1-076-025-0418x86656,Turks and Caicos Islands,28-10-1990
110,Brandon,Johnson,alicia14@hotmail.com,Female,+1-430-473-4980x8483,Swaziland,06-12-2001
111,Jack,Richardson,charlestucker@hotmail.com,Male,0465099310,Israel,19-02-1975
112,Dennis,Silva,obell@gmail.com,Male,(757)803-1908x83035,Turkmenistan,11-05-1963
113,Natasha,Nelson,karen58@smith.com,Female,126.271.3977,Suriname,13-01-1986
114,Jermaine,Walker,lee89@hotmail.com,Male,(247)070-2197,Chile,20-12-1956
115,Daniel,Russell,susan56@weber-galvan.com,Other,192.099.5298x136,United Arab Emirates,14-03-2003
116,Sherry,Mitchell,ssmith@gutierrez.com,Female,001-816-530-2941x1304,Barbados,19-03-1958
117,Brian,Alvarado,osbornerebecca@terry-brown.net,Male,-4655,Western Sahara,01-01-1966
118,Thomas,Burns,brownmegan@rodriguez.info,Female,001-636-709-3837,Estonia,06-06-1996
119,Danny,Rivera,obrown@hotmail.com,Female,6967279027,Armenia,11-06-2007
120,Catherine,Smith,yhernandez@gmail.com,Other,001-572-418-6866x7635,Cook Islands,15-07-2003
121,Robert,Beck,millerkari@stokes.org,Other,1374942245,Japan,27-03-1971
122,Abigail,Oneill,cardenasmary@yahoo.com,Other,114-601-1009x218,Libyan Arab Jamahiriya,02-11-1957
123,Melissa,Kelly,shawnmyers@yahoo.com,Female,(864)784-6499x0411,Tunisia,11-07-1987
124,Taylor,Smith,dterrell@gmail.com,Other,+1-552-827-7467x342,Somalia,16-01-1981
125,Bryan,Green,mcbridebryan@gmail.com,Female,(773)268-2248,Mongolia,09-06-2005
126,Nathaniel,Herrera,hmedina@hill-green.com,Male,001-463-539-0969x6761,Sao Tome and Principe,09-10-1957
127,Lindsay,Harris,farmerashley@zimmerman.com,Other,001-509-423-7757x473,Ukraine,08-01-2003
128,Scott,Garcia,bakeralyssa@gonzalez.com,Other,-10818,Madagascar,31-05-1980
129,Susan,Wilson,rsnyder@hotmail.com,Female,-2941,Bouvet Island (Bouvetoya),04-08-1981
130,Kathleen,Ortiz,jonathanguzman@hotmail.com,Other,-2034,Korea,19-08-1964
131,Jared,Miller,wcraig@maldonado-casey.com,Female,503.144.5570x66965,Djibouti,27-05-2006
132,Shane,Cole,johnsonkendra@yahoo.com,Male,852.638.5736,Senegal,01-07-1990
133,Latasha,Lawson,claytonlisa@gmail.com,Female,436-389-3334x31219,Liberia,24-06-1991
134,Hannah,Sanders,dianathomas@harper.net,Female,001-643-650-3424,India,11-12-1995
135,James,Valentine,johndiaz@hotmail.com,Other,117.694.7954x6476,Madagascar,24-11-1972
136,Beverly,Stephens,connorlynn@gmail.com,Female,2132188587,Yemen,16-05-1979
137,Dominique,Gonzalez,melindawhite@gmail.com,Male,416-512-4838x0323,Peru,11-09-1974
138,Savannah,Griffin,francojulie@hotmail.com,Other,472-374-1598x51720,South Africa,11-08-1961
139,Wendy,Bridges,bakerashley@aguirre-phillips.com,Other,164.466.9120,Gambia,24-03-1969
140,Scott,Scott,vtorres@guzman.com,Other,(265)119-2243x661,Slovenia,19-06-2002
141,Emily,Mcknight,victoriajohnson@lee.com,Other,001-139-499-5637x590,United Kingdom,18-08-1988
142,Molly,Wilkerson,whitneymcdonald@thompson.com,Female,116-694-8213,Micronesia,12-05-1962
143,Andrew,Meadows,lovesara@taylor.com,Female,893.696.6384x5804,Albania,15-08-1994
144,Christopher,Jones,banksderrick@gutierrez.com,Female,150-668-5932x69143,Northern Mariana Islands,22-05-1955
145,Eric,Jones,kfrazier@hall-hall.com,Female,708.057.7417x73692,Somalia,30-07-1958
146,Carol,Lopez,emily06@gmail.com,Other,285.315.3034x190,Guinea,19-04-1985
147,Kimberly,Melendez,elizabethmack@gmail.com,Other,(238)975-9399x82865,Oman,10-04-1987
148,Stacy,Myers,mprince@gmail.com,Other,116.767.4919x297,Reunion,28-11-1995
149,Jacob,Brown,michaelhanson@rollins-fisher.com,Male,2242000537,Equatorial Guinea,06-03-1982
150,James,Black,matthewwilliams@yahoo.com,Other,061.575.9706x8508,Congo,26-04-1963
151,Derrick,Schneider,jward@smith-bennett.com,Other,396-396-4973x75869,Bouvet Island (Bouvetoya),30-06-1958
152,David,Rosales,ahoover@williams.org,Male,+1-197-472-0829x9262,Anguilla,05-01-1964
153,Alice,Garrett,tmorrison@perry-sanchez.net,Other,803-625-3999,El Salvador,27-09-1973
154,Ricardo,Winters,jamiebarnes@hotmail.com,Male,(289)721-5076x36521,Nepal,30-11-1983
155,Steven,Morris,whitekyle@wright-peterson.net,Other,9552315674,Samoa,21-02-2001
156,Derek,Wilson,timothyrodriguez@hines.com,Other,(325)994-8676,Morocco,28-07-2003
157,Rodney,Glass,fyoung@watson.com,Male,+1-536-509-3910x4592,Belgium,02-01-2004
158,Jacqueline,Bautista,frank86@yahoo.com,Female,6212396960,Hungary,12-11-1994
159,Angela,Vasquez,jeremy73@hotmail.com,Male,+1-323-100-8284x93290,Serbia,08-02-1983
160,Kenneth,Harvey,rwallace@jones.biz,Female,333-971-5275x7430,Greece,14-02-1991
161,Justin,Chen,jherman@gmail.com,Male,-8261,Costa Rica,05-12-1990
162,Kevin,Young,justin51@alvarez.biz,Female,(876)372-4985x89616,Puerto Rico,11-10-1967
163,Jessica,Woodard,smithwendy@yahoo.com,Male,259-009-4344x4210,India,23-06-1981
164,James,Thomas,igonzalez@hotmail.com,Female,001-537-937-9396x22847,Nauru,17-12-1970
165,Samantha,Hawkins,lewischarles@gmail.com,Other,(844)881-3302x6759,Mayotte,15-02-2005
166,Megan,Campos,crosssamantha@johnson.com,Other,(840)686-7031x63167,Georgia,14-03-1992
167,Patricia,Haynes,cassandra12@smith.com,Male,2909061064,Holy See (Vatican City State),05-07-1985
168,Seth,Roberts,crystalhawkins@yahoo.com,Other,701.023.3710x8289,Seychelles,30-03-1965
169,James,Collins,maureen59@hotmail.com,Male,001-804-684-4131x455,Cote d'Ivoire,13-03-1992
170,Rita,Long,garciaomar@yahoo.com,Male,(515)903-9204x3301,Martinique,05-05-2001
171,Thomas,Gamble,adamnelson@jones.com,Male,001-239-727-9612x053,Heard Island and McDonald Islands,22-06-2003
172,Tammy,Ellis,sandersdavid@gmail.com,Male,113.295.6869,South Africa,28-06-2004
173,Jerry,Martinez,qwilson@armstrong.net,Female,-2505,Bahrain,30-01-1996
174,George,Parks,gailward@wood-nash.info,Female,852-990-2568,Tokelau,10-10-1990
175,Albert,Zavala,lewisjason@bowman.com,Male,1195616069,Isle of Man,17-05-2001
176,Alexander,Stevenson,gedwards@ortiz.com,Female,(246)713-2328x8291,Jamaica,31-08-2002
177,Melissa,Stevens,james68@gallagher.com,Female,6020514733,Macedonia,16-02-1994
178,Jacob,Shepherd,lgarcia@hinton.com,Female,-1927,Lao People's Democratic Republic,19-03-1966
179,Rhonda,Lopez,martinezjustin@allen.net,Other,(652)637-9080,South Africa,30-10-1990
180,Kenneth,Thomas,jacob03@maynard-norman.org,Male,(321)662-6587,Bosnia and Herzegovina,15-10-1962
181,Hannah,Daniels,johnsonlarry@anderson-ortiz.info,Other,829-259-3797x756,Cambodia,29-07-1991
182,Amy,Page,madison25@ramos.com,Female,(275)643-1540x92774,Venezuela,19-10-1977
183,Christopher,Serrano,roberto53@curry.com,Other,1002572162,Jamaica,05-08-1983
184,Joseph,Edwards,lwood@gmail.com,Other,+1-329-811-7063x62101,Sri Lanka,09-12-1987
185,Samuel,Long,gbrown@ford-stewart.com,Other,(460)176-0971,Japan,23-09-1978
186,Colleen,Fuller,brandon47@wallace.com,Male,(706)763-8415,Macao,27-08-1979
187,Eric,Black,mckinneyfrank@hotmail.com,Female,120.639.6524x0451,Bosnia and Herzegovina,12-10-1987
188,Selena,Pena,bholmes@gmail.com,Female,(697)274-2431,Philippines,20-02-1975
189,George,Torres,noah15@yahoo.com,Female,001-419-562-1642,Vanuatu,18-10-1994
190,Michael,Price,davidcarr@yahoo.com,Male,541.944.5124,Nepal,13-02-1967
191,Erica,Leach,crystalrichardson@gmail.com,Female,7855143416,Canada,15-06-2005
192,Ryan,Jackson,gibsonallison@gmail.com,Male,704-796-6321x428,Morocco,09-11-2005
193,William,Cordova,laurenparsons@gmail.com,Female,(667)805-4404x207,Lithuania,02-06-1962
194,Thomas,Erickson,lmartinez@johnson.biz,Male,-9859,Hungary,08-09-2007
195,Miguel,Allison,dweaver@hotmail.com,Other,+1-991-001-4021x5637,Andorra,31-07-1977
196,Jessica,Hunt,brianluna@clark-baker.org,Female,(602)268-3261,Belize,06-11-1963
197,Isaac,Johnson,melissa29@gmail.com,Male,(711)548-4944x445,Central African Republic,01-01-2006
198,Jessica,Fernandez,anthony77@ortiz-schaefer.com,Male,001-551-706-4316,Cote d'Ivoire,15-09-1976
199,Joseph,Marks,romeronicholas@holmes.com,Other,118.949.7260x5290,Saint Helena,25-02-1989
200,Kim,Nelson,william34@yahoo.com,Male,056.529.2560x89015,Russian Federation,19-12-2006
201,Thomas,Reyes,david26@gmail.com,Female,-10336,Guyana,29-08-1958
202,Erik,Wu,brownadam@hotmail.com,Other,001-833-037-2131x0488,Burundi,28-05-2006
203,Erika,Johnson,todd25@yahoo.com,Female,496-660-5029x4717,Yemen,09-12-1976
204,John,Soto,heathercarroll@gibson-brewer.info,Other,(299)494-9028x47851,Kazakhstan,20-06-1999
205,Anita,Brown,john15@gmail.com,Female,(817)029-1465x0911,Romania,19-08-1995
206,Erin,Walters,marvinnguyen@boyle.info,Other,(999)066-3177x967,British Indian Ocean Territory (Chagos Archipelago),23-10-1989
207,Elizabeth,Ayala,crawfordkelly@potts-tate.com,Female,001-032-627-0329x679,Slovakia (Slovak Republic),07-03-1994
208,Corey,Harris,sarahharvey@gmail.com,Male,0854680577,Cocos (Keeling) Islands,17-12-1971
209,Thomas,Watkins,bcoleman@ford.com,Female,(643)785-1668,Norway,05-07-1988
210,Marie,Williams,riverasandra@gmail.com,Other,951.679.1860,Tokelau,03-09-1996
211,Brandon,Alvarez,fcox@phillips.com,Male,+1-152-394-0097x15228,Peru,02-07-2001
212,Donna,Wade,emily14@hotmail.com,Other,683.723.9227,Belize,29-02-1968
213,Stephanie,Henderson,jimhickman@gmail.com,Female,(743)931-0471x8531,Liechtenstein,08-03-1986
214,Donald,Vazquez,lunabilly@hotmail.com,Other,253.595.5960,Andorra,24-09-1967
215,Keith,Herrera,yalvarado@hotmail.com,Female,(094)129-7846,Reunion,01-06-1971
216,Sharon,Munoz,tylernunez@valdez-richardson.org,Female,407.909.1710x820,Senegal,23-07-1997
217,Kelsey,Cobb,joseph51@hotmail.com,Other,047-025-6296,El Salvador,10-03-1992
218,Charles,Vasquez,wilsonjuan@collins-garcia.com,Female,482-001-5810,Gambia,11-02-1999
219,Richard,Dean,cbarker@sutton.com,Male,(121)543-8494x238,Tajikistan,04-05-2007
220,Christopher,Cook,okirk@yahoo.com,Female,(159)113-6194x307,Papua New Guinea,27-06-2006
221,Brandon,Rosales,wwalker@jones.org,Female,+1-471-678-3210x30084,Bangladesh,29-10-1971
222,Ashley,Preston,kelly59@hotmail.com,Male,-4729,Maldives,27-02-2000
223,Laura,Lamb,anna10@james-santos.net,Male,(650)590-2507x8356,Saint Lucia,12-06-1965
224,Isaac,Bowman,rachel40@gmail.com,Other,(190)807-9921x322,Portugal,13-03-1998
225,Robin,Richards,wendy42@nichols.com,Male,967.445.0495,Niger,05-08-1965
226,Elizabeth,Evans,mfleming@hotmail.com,Female,068-259-2688,Kenya,27-10-2000
227,Melinda,Trujillo,james28@hotmail.com,Other,001-564-990-6269x65864,Niue,16-10-1994
228,Victoria,Nichols,markromero@yahoo.com,Other,944-098-1580x981,Maldives,21-12-1983
229,Tracey,Archer,curtisrobert@wolfe.net,Male,-5669,Faroe Islands,04-02-1970
230,Theresa,Lane,wwilson@richardson.com,Male,001-528-460-8046,Kenya,07-02-1966
231,Laura,Sullivan,udixon@velez-garcia.org,Other,001-995-672-8652x1539,Lao People's Democratic Republic,19-06-1981
232,Claudia,Jarvis,kyle90@evans.net,Female,+1-186-365-1679x746,Benin,29-08-1983
233,Carrie,Whitehead,louisherrera@hotmail.com,Male,096-476-3839,Kazakhstan,23-04-1967
234,Seth,Jefferson,toddprince@baker-vargas.com,Female,958.168.9319x47496,Faroe Islands,27-09-1956
235,Robert,Farley,lknight@gmail.com,Female,139-476-6291,Liechtenstein,29-11-1979
236,John,Simmons,zjohnson@williams-nash.biz,Male,289-838-2271x3955,Norway,28-11-1995
237,Scott,Lewis,xmoore@gmail.com,Male,060.224.3190,Vietnam,07-12-1998
238,Brittany,Branch,dmiller@hotmail.com,Other,+1-825-907-3008x36707,Netherlands Antilles,08-08-1979
239,John,Castillo,shannondixon@gmail.com,Other,9365819899,Kenya,04-11-1958
240,Felicia,Oneill,bentonthomas@bell.com,Female,1981984885,Montserrat,19-01-1988
241,Dawn,Martin,sara81@hotmail.com,Male,972-914-0325x59187,Portugal,24-01-1966
242,Neil,Smith,stephen25@gmail.com,Male,-7888,Egypt,20-08-1971
243,Steven,Payne,robertsmichael@gmail.com,Female,-3749,Philippines,07-05-1983
244,Andrew,Sexton,carriejones@yahoo.com,Other,463-673-4217,Peru,17-01-2005
245,Kayla,Campos,ashley31@yahoo.com,Male,(257)868-3316x769,Slovakia (Slovak Republic),29-11-1955
246,Joshua,Howard,dperez@martinez-stone.com,Male,082.719.0995,Saint Helena,26-08-1967
247,Richard,Young,markbennett@hotmail.com,Female,920-678-7653x085,Lao People's Democratic Republic,26-08-1988
248,Heather,Cooper,wmarshall@hotmail.com,Female,9003598962,Saint Vincent and the Grenadines,25-05-1962
249,Jenna,Gardner,stevesmith@gomez-jones.com,Female,001-964-560-9716x602,Saint Martin,05-07-1987
250,Sabrina,Walker,teresa74@yahoo.com,Other,+1-692-919-0215x061,Turks and Caicos Islands,16-03-1977
251,Nicholas,Marshall,wandarodriguez@lopez.biz,Male,734-913-2772,Cyprus,28-11-2006
252,Brian,Phillips,hamiltonevelyn@barrett.com,Female,(209)073-3200x54511,Suriname,01-07-1997
253,Colin,Scott,miguel78@gmail.com,Other,(495)682-0934x32801,Saint Helena,28-04-1992
254,Kimberly,Townsend,yperkins@yahoo.com,Female,(580)340-3352x197,Jamaica,26-10-1990
255,Brandon,Delgado,jason16@morris-brown.com,Other,(803)965-3382,Georgia,12-12-1984
256,Allen,Paul,bmejia@gmail.com,Other,001-230-354-8393,Jordan,19-02-1956
257,Dustin,Santiago,cassandra17@potts.com,Male,001-563-975-6267x095,Ireland,05-06-1960
258,Christopher,Hopkins,gsmith@yahoo.com,Female,001-322-271-3519,Norfolk Island,14-11-1972
259,Gloria,Peterson,deborah43@gmail.com,Other,+1-722-628-7842x576,Swaziland,09-06-1984
260,Jerry,Garcia,normansuzanne@martin-alvarado.info,Other,870-433-4361x17602,Bouvet Island (Bouvetoya),05-12-1990
261,Peter,Aguilar,jrowe@hotmail.com,Other,001-460-907-7947,Tajikistan,26-04-1992
262,Brian,Hernandez,mhenderson@yahoo.com,Other,768-826-4067x940,Mexico,26-04-1965
263,Rhonda,Smith,bellstephanie@yahoo.com,Other,279-482-1124x22117,Saint Martin,12-09-1978
264,Ebony,Snyder,amy22@hotmail.com,Other,+1-297-601-9810x842,Saint Lucia,11-12-1995
265,Heather,Davis,nwatson@hotmail.com,Female,616.932.1487x410,Argentina,19-10-1985
266,Kelly,Murray,douglas87@yahoo.com,Female,+1-902-963-5069x6274,Haiti,10-12-1956
267,Gabriel,Smith,dbrown@robinson-reed.com,Other,1435768778,Ethiopia,01-10-1987
268,Cindy,Porter,marquezjoseph@bryant-gonzalez.com,Other,306.568.8896x9804,Bolivia,28-08-1997
269,Jack,Moreno,sanchezcolin@yahoo.com,Other,(461)469-6996x069,Serbia,17-01-1975
270,Amy,Robinson,odomnichole@bradford-robinson.net,Male,+1-196-761-8747x701,Macedonia,17-04-2003
271,Melissa,Smith,branchamy@gmail.com,Other,113.263.8577x5486,Monaco,19-05-1963
272,Tonya,Lewis,jenniferjackson@hotmail.com,Other,(150)822-5551x12858,Afghanistan,02-10-2003
273,Cheryl,Campbell,mgomez@gmail.com,Male,001-386-483-0824x412,Mexico,27-10-1997
274,Linda,Johnson,john94@tate-stevenson.info,Male,+1-330-916-8954x466,Liberia,16-05-1975
275,Cassandra,Lee,pvalenzuela@gmail.com,Other,067-976-1331x7744,Grenada,13-12-1957
276,Michael,Hamilton,jmarshall@gmail.com,Other,9414499459,Djibouti,13-06-1997
277,Jennifer,Salazar,charles73@mills.com,Other,+1-586-963-3727x0310,Bangladesh,14-06-1970
278,Ian,Foley,gduran@gmail.com,Male,-9957,Palau,26-11-2006
279,Julie,Jackson,rileyjennifer@gmail.com,Other,001-298-584-1915x4982,Liberia,22-11-1988
280,Wesley,Hernandez,john37@rogers.net,Other,001-544-366-3698x757,Eritrea,09-07-1967
281,Thomas,Bailey,charlestownsend@casey.com,Male,+1-607-717-3180x7313,Botswana,27-06-1980
282,Harold,Turner,julieharris@gmail.com,Female,(550)481-3551x2233,Cocos (Keeling) Islands,10-12-1987
283,James,Dunlap,carol05@hansen.net,Female,(071)170-0862x05765,Anguilla,11-01-1957
284,Kathryn,Atkins,laurawilliams@gmail.com,Other,001-373-243-9618x32689,Iraq,04-07-1974
285,Damon,Higgins,marissa06@hotmail.com,Other,230.107.3506,Brazil,13-01-1970
286,Crystal,Wall,kimberly30@yahoo.com,Other,001-996-182-1214x363,Trinidad and Tobago,30-06-1956
287,Amanda,Phelps,gmartinez@vargas.com,Male,450.670.0788,Lithuania,14-04-1974
288,Megan,Jones,bakermichael@yahoo.com,Female,579-900-8002x08640,Somalia,02-11-1990
289,Jessica,Blankenship,zduncan@hotmail.com,Male,153.043.8815x221,Czech Republic,24-09-1994
290,William,James,anthonyrodriguez@kelley.com,Male,001-548-424-0137,French Southern Territories,25-04-1975
291,Caleb,Watkins,jared00@chen.com,Male,262-916-0059x92029,Mauritius,01-06-1990
292,Kenneth,Burch,david22@moore.com,Female,489.898.1315,Nepal,29-10-1966
293,Donna,Ortiz,tpruitt@cooper.com,Female,001-546-921-9993,Djibouti,26-12-1971
294,April,Hicks,josephduran@gmail.com,Female,(821)722-0714x509,Norway,28-05-1970
295,Alyssa,Salinas,curtis34@mata.com,Female,473.680.2208x52787,Bosnia and Herzegovina,29-04-2006
296,Frank,Hendricks,daniel35@singh-fuller.com,Female,(687)425-2870,Samoa,03-02-1975
297,Carolyn,Rosales,xsmith@yahoo.com,Female,(133)675-3377x10980,Samoa,10-03-1960
298,Christopher,Short,brittany67@thompson-miller.biz,Female,837.572.6967x83800,Anguilla,12-05-1999
299,Karen,Gonzalez,jeffreysmith@hotmail.com,Other,+1-388-789-0138x03932,Kiribati,10-09-2001
300,Andrea,Morris,russellkenneth@yahoo.com,Other,001-453-838-5177x5996,Ukraine,15-05-1998
301,Bethany,Mason,charles02@hotmail.com,Male,105-925-1125x9745,Guinea-Bissau,04-06-1985
302,Michelle,Clark,rcruz@gmail.com,Female,(943)507-5493x6136,Turks and Caicos Islands,02-03-1993
303,Terri,Sullivan,melanie94@gmail.com,Male,173.485.8750x03899,Dominican Republic,26-07-1980
304,Spencer,Patterson,juliabryan@garcia.biz,Female,2986770378,Saint Vincent and the Grenadines,02-08-1963
305,Charles,Garcia,luis80@king.com,Female,+1-829-117-2302x2752,Monaco,31-07-1974
306,Elizabeth,Banks,dmay@jackson.com,Male,111.213.8320,Albania,27-09-1955
307,Joshua,Ortega,reesebarry@yahoo.com,Male,001-309-927-8349,Sudan,11-04-1979
308,Benjamin,Schaefer,dawn17@yahoo.com,Male,(731)943-0064x7449,Uzbekistan,09-07-1995
309,Monica,Harris,wwilliams@hotmail.com,Female,726-451-6045,Argentina,20-06-1996
310,Mark,Soto,lesliemartin@yahoo.com,Other,001-273-757-3762x664,Bangladesh,13-04-1993
311,Jason,Byrd,michaelwalker@irwin-davis.com,Other,652-995-5459x00971,Eritrea,08-01-1957
312,Debra,Sanchez,mcook@shepard.com,Female,001-716-207-6087,Sierra Leone,12-04-1969
313,Kathy,Barnes,thomasbarbara@young.info,Other,6485917379,Morocco,16-11-1982
314,Brandon,Hurley,powellcynthia@gmail.com,Male,6269765798,Jordan,30-05-1991
315,Patrick,Hernandez,thomasjames@benson.com,Female,+1-920-864-1421x35325,Andorra,10-03-1970
316,Cameron,Hall,carriewhite@yahoo.com,Other,(385)664-6429x493,Aruba,09-11-1959
317,John,Sandoval,jdavis@gmail.com,Male,+1-603-413-5710x9294,Niue,25-11-1999
318,Anthony,Mejia,matthewcarter@yahoo.com,Male,(330)685-0883x6152,Egypt,14-01-1973
319,Tanya,Cross,smithcynthia@hotmail.com,Male,6631687961,Central African Republic,18-08-1977
320,Beth,Patel,crawforddavid@gmail.com,Male,991.724.9760,Lao People's Democratic Republic,04-05-1967
321,Erica,Kramer,sharon49@brown.com,Other,001-042-914-5744x6965,Bangladesh,15-11-1955
322,Christopher,Guerra,cynthia32@hotmail.com,Other,893.339.9877,Croatia,30-06-1960
323,Rhonda,Brown,garciamiranda@gmail.com,Female,+1-276-668-5467x42765,Switzerland,30-12-1978
324,Cody,Orozco,cherylmiller@hall.com,Other,(198)563-9406x8413,Niue,23-03-2003
325,Dylan,Moreno,myerscharles@gmail.com,Female,001-768-540-0681,Ukraine,13-06-1978
326,David,Lozano,susan25@gmail.com,Male,520-726-5470x29149,United States of America,28-03-1985
327,Teresa,Gray,lori06@hotmail.com,Female,(588)759-6144x27203,Djibouti,19-04-1994
328,Katie,Conner,djimenez@yahoo.com,Other,001-439-876-9101x964,Puerto Rico,29-11-1980
329,Suzanne,Pittman,raymond76@lopez.net,Female,543-738-9347x665,Panama,15-05-1956
330,Julie,Higgins,michelle12@gmail.com,Other,7133289507,Kyrgyz Republic,11-11-1985
331,Aaron,Rojas,kimberlybailey@cruz.com,Male,111.352.3338,Guatemala,21-08-1966
332,Jennifer,Peters,iscott@fletcher-lawrence.com,Female,911.808.5558x23681,Svalbard & Jan Mayen Islands,06-08-1981
333,Sydney,Jones,nicole83@gmail.com,Other,(305)666-0322x124,Iraq,05-03-1986
334,Bradley,Joyce,michaelgreen@gmail.com,Female,693.239.9843,Poland,09-08-1996
335,Christine,Hunter,emilywatson@schneider-romero.com,Female,921.625.0527x1198,Bolivia,19-03-1994
336,Samantha,Nichols,alexanderjeffery@gomez.biz,Other,216.721.9253x91482,Congo,11-06-1974
337,Brenda,Nguyen,dmorris@green.com,Female,(049)407-0155x371,Guatemala,05-03-1967
338,Kimberly,Green,cmoore@gomez.com,Male,(719)745-7112,Paraguay,31-01-2007
339,Gerald,Sanders,vicki19@sims.com,Male,001-687-349-9023,Bermuda,29-07-1967
340,Veronica,Miller,edwardmosley@gmail.com,Male,001-506-283-2389,Korea,25-03-2002
341,Mark,Wolf,bowersjennifer@romero.com,Male,(483)677-6475x0331,Suriname,16-04-1980
342,Scott,Simpson,charles77@hotmail.com,Male,+1-034-375-6598x46562,Nigeria,15-07-1964
343,Cesar,Thompson,washingtonshelby@castro.net,Male,789-379-8595,Namibia,30-01-1987
344,Taylor,Thompson,marcusallen@barron-hughes.info,Female,668.586.2358,Antigua and Barbuda,10-01-1965
345,Gregory,Ramirez,michellethompson@colon.net,Other,759-053-9520x164,Peru,09-12-1973
346,Adam,Thompson,karen09@yahoo.com,Male,+1-470-742-3026x01864,China,28-04-2006
347,Brandon,Frazier,dustin35@gmail.com,Other,246.783.8572x77526,Tajikistan,30-12-1987
348,Andrea,Obrien,jane43@ward.net,Male,(788)425-3628,Denmark,08-06-1989
349,Cory,Ayers,dawn38@hotmail.com,Other,001-238-847-7253,Sao Tome and Principe,15-09-1997
350,Virginia,Fisher,walkerjoshua@yahoo.com,Other,+1-891-316-6525x7471,Burundi,16-05-1998
351,Christopher,Espinoza,yolandalewis@turner.org,Other,440.911.7700,Guyana,29-01-1992
352,Sandra,Alexander,robertsteele@beasley.com,Male,989-820-0066x87412,Estonia,25-05-1983
353,Gregory,Mcbride,brandongraves@yahoo.com,Other,(668)841-4414x55620,Angola,17-05-1981
354,Amanda,Foster,andreaarnold@rollins-lowe.com,Male,001-092-050-7413x4360,Saudi Arabia,23-03-2002
355,Timothy,Lee,stephanie82@khan.info,Male,-3683,Bolivia,19-05-1991
356,Linda,Hernandez,frobinson@gmail.com,Male,001-081-576-3001x01519,Cook Islands,05-03-2000
357,Michael,Cantu,daniel76@gmail.com,Other,9275228464,Central African Republic,30-05-2000
358,Andrew,Greene,ujones@nichols.info,Male,001-936-905-6235x500,Guatemala,07-05-1969
359,Omar,Jefferson,sherrera@hayden.com,Male,(973)378-7796x70788,Macedonia,19-12-1995
360,Jennifer,Hines,william67@yahoo.com,Male,+1-996-028-1618x4844,Pakistan,23-05-1988
361,Mark,Jones,hansonrobin@hotmail.com,Male,354.395.6615,Paraguay,21-11-1987
362,Daniel,Martinez,snyderjoshua@hansen.org,Female,949-246-9994x6320,Guam,20-03-1967
363,Nicole,Perkins,boyledaniel@hotmail.com,Female,7486340804,Falkland Islands (Malvinas),10-06-1960
364,Valerie,Delacruz,john03@yahoo.com,Male,577.414.3244,Palau,24-03-2006
365,Timothy,Nichols,jasminflores@frazier.net,Female,(998)273-1920,New Zealand,26-06-1982
366,Patrick,Costa,jasonhines@livingston-collins.biz,Other,756-396-8935x9161,Palau,22-11-1971
367,Timothy,Fletcher,bhughes@arnold.info,Female,(774)307-1109,Kuwait,28-08-1956
368,Kimberly,Woods,smithmichael@yahoo.com,Female,001-436-602-9811x16847,Tanzania,14-07-1989
369,Laura,Kelly,bcurtis@garcia-williams.org,Other,763-079-5365x3180,Isle of Man,28-10-1959
370,Joshua,Bradley,martinezyolanda@gmail.com,Other,073-892-6038x15569,Panama,06-09-1956
371,Sean,Greene,robertsilva@yahoo.com,Female,832-125-6969x6388,Grenada,25-10-1997
372,Joseph,Gray,rodney49@yahoo.com,Female,(596)677-5208,Oman,26-04-2004
373,Thomas,Conway,delgadokimberly@moore.com,Male,001-373-611-8821x76348,Bouvet Island (Bouvetoya),10-01-1991
374,James,Richardson,duranralph@gmail.com,Male,713-183-9326x258,Faroe Islands,28-04-2001
375,Antonio,Owens,fgomez@yahoo.com,Other,553-201-4034,Sudan,29-04-1989
376,Rita,Bowen,ycabrera@mcgee.com,Male,551-275-7358,Montserrat,28-04-1994
377,Ana,Wall,ann09@marshall.info,Male,001-217-752-0069x7081,Yemen,25-07-1957
378,Alisha,Adams,amy76@hotmail.com,Male,242.117.3629,British Virgin Islands,09-10-2004
379,Robert,Smith,ofreeman@hotmail.com,Other,126-079-2920x897,Martinique,05-12-1968
380,Christopher,Smith,teresa53@conway-montes.biz,Other,371.091.5546,United States Virgin Islands,30-06-1981
381,Frances,Thomas,gregory53@turner.com,Male,001-436-350-8149x3037,Sri Lanka,24-03-1965
382,Natalie,Kennedy,qmiranda@gmail.com,Other,091-874-3581,Jamaica,13-03-1967
383,Emily,Wilson,joseph31@wolf.net,Other,777.219.5093,Haiti,10-03-1992
384,Keith,Jenkins,rebeccagonzalez@gmail.com,Other,(547)755-4764x42745,Western Sahara,07-06-1986
385,Madeline,Jensen,rodriguezjason@hughes-evans.com,Male,852.191.9274x37685,Myanmar,18-08-1971
386,Donna,Hill,lmartinez@smith.biz,Male,840.216.2635,Costa Rica,30-05-1978
387,Amy,Harper,rward@bennett.net,Male,-7289,Libyan Arab Jamahiriya,16-05-1983
388,Katie,Collins,williamsvirginia@gmail.com,Female,738.823.4132x3570,Antigua and Barbuda,26-07-1974
389,Katelyn,Brandt,nancy84@gmail.com,Other,(659)990-7013,Mauritania,26-01-2000
390,Chelsea,Diaz,hschmitt@hotmail.com,Other,001-921-742-3577x2956,New Caledonia,31-05-1992
391,Tony,Thompson,coxlisa@yahoo.com,Male,+1-779-977-8125x6989,Saudi Arabia,26-09-2001
392,Brittney,Walker,coleandrea@hotmail.com,Female,034-375-4826,Belarus,12-08-1970
393,Jacob,Medina,ynguyen@ford.com,Female,(767)848-7703x611,Kazakhstan,02-05-1970
394,Mathew,Gregory,mcguiredanny@gregory-torres.com,Other,+1-503-896-0168x3396,Turkmenistan,15-02-1971
395,Gary,Barron,robertramos@hotmail.com,Female,001-379-751-9505x98705,Zimbabwe,05-03-1969
396,Evelyn,Cunningham,jennifer44@newman-garza.com,Other,266.691.2883,Georgia,08-07-1997
397,Dustin,Cherry,mclaughlinashley@gmail.com,Other,(955)626-9491x086,Albania,10-06-1975
398,Ashley,Moore,hannah38@cisneros-rivera.com,Female,+1-658-308-9644x65268,Grenada,09-01-1963
399,Hector,Watts,williamsjill@gmail.com,Other,001-490-157-0627x4124,Montenegro,28-12-1985
400,Cindy,Cooper,rossgutierrez@gmail.com,Other,(120)039-9638,Vanuatu,07-10-1973
401,Julie,Perez,wilsonmary@black.info,Male,010-515-2138x203,Western Sahara,28-09-1996
402,Amber,Merritt,david09@gmail.com,Female,513-409-6766x4444,Saint Pierre and Miquelon,24-10-2004
403,Sonia,Wright,dvillarreal@walker.info,Female,+1-140-848-2774x67190,Heard Island and McDonald Islands,29-03-1956
404,Nicholas,Wolf,gonzalezphilip@hotmail.com,Male,519.813.0045x60546,Tokelau,14-05-1983
405,Richard,Watson,garycarlson@hotmail.com,Other,+1-342-972-0587x892,South Georgia and the South Sandwich Islands,09-06-1984
406,Nathan,Sandoval,kanecynthia@horton-sparks.com,Female,515.317.3718x87799,Myanmar,28-12-1992
407,Joshua,Hester,uwhite@turner.com,Other,001-637-901-7536x0697,Timor-Leste,09-09-1989
408,Rhonda,Davis,stevengreen@hotmail.com,Female,(607)819-0622x9753,Kazakhstan,24-05-1968
409,Jodi,Obrien,deckerdennis@hotmail.com,Female,3842020211,Mayotte,01-10-1991
410,Gerald,Vincent,kyle53@brown-hernandez.com,Female,(930)431-2089x01557,Cote d'Ivoire,27-12-1997
411,Ronald,Hill,mcabrera@hall.com,Other,518.187.8268x1029,Myanmar,03-08-1970
412,Lucas,Lynch,wellshaley@owens.org,Male,001-600-420-6442x143,Saint Helena,30-11-1955
413,Henry,Salas,roachhenry@yahoo.com,Other,670.858.7020x5890,United States of America,12-07-1989
414,William,Lam,wsanchez@hotmail.com,Other,001-858-293-4938x11288,Cuba,31-08-1982
415,Jonathan,Campbell,kristen39@moore-bryant.org,Male,001-498-744-0233x6546,Congo,29-12-1968
416,Shane,Brown,bianca74@yahoo.com,Female,001-823-988-4301x6359,Mauritania,21-07-2001
417,Michele,Pearson,alloyd@hotmail.com,Male,072-517-5945x052,Swaziland,23-03-1999
418,Emily,Phillips,domingueznathan@green.net,Male,001-711-275-4515x71272,Trinidad and Tobago,14-03-1992
419,Rodney,Nichols,emedina@clark.biz,Other,001-944-759-0813x076,Uganda,04-11-1959
420,Elizabeth,Mcneil,lprice@yahoo.com,Female,001-734-744-8431x244,Macao,07-03-1984
421,Brett,Wilson,davidortiz@hotmail.com,Female,(278)914-2403x8343,Iceland,22-08-1997
422,Steve,Clark,mwashington@brown-robertson.biz,Other,430-887-3058x069,Botswana,17-11-1970
423,Norma,Hughes,ashley16@sexton.com,Male,+1-501-708-0121x826,Cote d'Ivoire,14-03-1965
424,Jeffrey,Le,westkenneth@hotmail.com,Male,639-989-6254x97485,Austria,26-08-1963
425,Patrick,Acosta,cabreradavid@yahoo.com,Female,0349066373,Togo,19-11-2004
426,Patricia,Maddox,haleyburnett@gmail.com,Female,+1-161-299-9694x7936,Zambia,25-12-1995
427,Mary,Cox,michaelwilson@yates-guerrero.com,Female,726-621-1859,Peru,19-08-1958
428,Nathan,Jordan,eanderson@cannon.com,Other,+1-306-168-0630x14758,French Guiana,22-10-1993
429,Vickie,Daniels,testrada@little.com,Male,732-612-9409x341,Seychelles,14-03-1960
430,Justin,Nguyen,hudsonmadison@gmail.com,Other,743.046.1715,Benin,19-11-1982
431,Kathleen,Powers,ericsanchez@gmail.com,Female,379.474.3488,Western Sahara,07-12-1977
432,Ronald,Brown,kirwin@meyers.biz,Male,+1-933-423-1026x48819,Papua New Guinea,25-07-1998
433,Molly,Peters,oharris@dean.org,Female,077.978.2159,Jersey,12-04-1996
434,Amanda,Gonzalez,piercekevin@gmail.com,Other,7428126348,France,24-03-1981
435,Ray,Torres,jacobdouglas@gmail.com,Male,126.709.0587x1620,Dominica,27-10-2003
436,Julie,Reed,morganbrandon@padilla.info,Female,599.769.4244,Bermuda,19-01-1957
437,Edward,Price,youngmatthew@burgess.com,Other,936.742.3972x925,Jordan,07-09-1961
438,Rebecca,Clark,iwhitaker@williams.com,Male,(214)845-8843x80987,Oman,11-07-1981
439,Isabel,Miller,kevin86@petty.com,Male,892.596.3169,Sri Lanka,05-12-2004
440,Aaron,Perez,sheila03@brady-page.info,Male,698-392-0528x939,Saint Lucia,14-04-1962
441,Michael,Fields,lflores@yahoo.com,Other,(083)298-3048x2245,Bouvet Island (Bouvetoya),29-02-1980
442,Tammy,Davis,victorfarmer@romero.com,Male,+1-763-478-2960x2720,Finland,26-02-2004
443,Jesse,Henry,chavezsandra@hotmail.com,Male,243-961-1396,Timor-Leste,17-11-1975
444,Robin,Little,nstephenson@henderson-andrews.com,Other,001-002-722-5638,Chile,08-02-1980
445,Aaron,Clark,christophercarlson@kelley.com,Other,292.278.4706x7587,Niue,31-03-1981
446,James,Turner,rosescott@grimes-chang.net,Female,(248)868-7629x11674,Luxembourg,04-05-1980
447,Mark,Tucker,ochoi@hotmail.com,Other,076-470-2563x814,Iran,29-01-1956
448,Lisa,Jennings,rogersalexis@yahoo.com,Male,2155879757,Burkina Faso,09-05-1988
449,Beth,Cross,mark81@zamora-hopkins.com,Male,849-657-3941,Liberia,13-03-1987
450,Tina,Wade,jacob45@boyer.net,Other,944-805-2100,Fiji,26-04-1964
451,Jacob,Foster,fryebeverly@hotmail.com,Female,916.312.0043,Kuwait,03-11-1978
452,Derek,Burke,carlos36@yahoo.com,Female,754.958.3180,Austria,08-07-1995
453,Michael,Shannon,bakerdebra@yahoo.com,Female,547-079-2391x092,Czech Republic,13-09-1957
454,Mary,Garcia,melissavasquez@yahoo.com,Female,(409)895-3028x1248,Oman,11-07-1984
455,Stephen,Moreno,erinsmith@hotmail.com,Other,727.300.9333x07457,Eritrea,08-09-1967
456,Angela,Nichols,quinnconnie@stuart.biz,Female,533.770.6564,British Indian Ocean Territory (Chagos Archipelago),06-04-1963
457,Lisa,Jackson,carterharold@gmail.com,Male,339.047.8867,Peru,31-07-1999
458,Heather,Ruiz,gentrykelsey@gomez.com,Female,001-810-772-2307x6257,Samoa,05-02-1975
459,Misty,Lee,sharon05@gmail.com,Female,(659)307-2053,Macao,29-12-2005
460,Richard,Gordon,williammendoza@williams.com,Female,+1-322-262-4254x92151,Estonia,20-06-1980
461,Marcus,Brennan,ibrown@hotmail.com,Male,+1-530-838-5361x28529,Guadeloupe,24-01-1959
462,Gabrielle,Sullivan,pollardmadison@hotmail.com,Other,(786)879-6865x70661,Wallis and Futuna,28-06-1957
463,Kimberly,Young,rperez@meyers.com,Female,001-196-802-0218x408,Malaysia,07-01-1964
464,Deanna,Villa,orodriguez@yahoo.com,Female,004.396.5385x74741,Macedonia,01-05-1995
465,Tara,Patton,margaret14@kennedy.info,Female,001-117-175-3392,Bosnia and Herzegovina,14-02-1971
466,Lacey,Burgess,karenthomas@hotmail.com,Other,001-527-196-0098x384,Sweden,17-05-1977
467,Teresa,Castillo,lmorales@landry.com,Female,392-840-9443,Saint Kitts and Nevis,18-11-1969
468,Dalton,Gregory,jose41@lee.com,Female,+1-206-143-1524x2119,Liberia,19-11-1989
469,John,Stanley,carl01@morris.info,Female,061-134-5596x9969,Bermuda,06-08-1956
470,Makayla,Ortiz,solsen@yahoo.com,Other,945.784.8980x447,New Caledonia,22-08-2007
471,Charles,Martinez,michelle66@nelson.com,Male,2419443744,Chad,26-05-2000
472,Sandra,Hernandez,aaron37@hotmail.com,Female,001-441-507-5047x794,Tokelau,16-04-2007
473,Sara,Griffin,martinezmorgan@gmail.com,Male,092-686-9608x97358,British Indian Ocean Territory (Chagos Archipelago),27-06-1966
474,Victor,Lopez,careyelizabeth@bennett.biz,Male,863-355-9795,Poland,02-04-1971
475,Jill,Johnson,montgomeryveronica@jackson.com,Female,001-566-789-3293x9626,Sweden,17-12-1986
476,Heather,Edwards,shermanrobert@gmail.com,Other,+1-239-004-6888x50183,Martinique,08-04-2001
477,Edward,Smith,bushjennifer@yahoo.com,Female,(873)730-7496x46210,Micronesia,29-06-1967
478,David,Massey,hoodkathy@williamson.info,Female,-4977,Holy See (Vatican City State),14-10-1986
479,Edward,Rodriguez,tfischer@ramirez.info,Male,601.517.9390x6259,United Arab Emirates,26-07-1980
480,Joseph,Shaw,halldeborah@yahoo.com,Female,513-263-4177x5216,Malawi,13-09-1975
481,Shelby,Rodriguez,ajones@west-barnett.org,Male,001-664-882-2989x349,Bahrain,07-09-1983
482,Julie,Ellis,russellapril@hotmail.com,Other,(184)709-2356x913,Guam,19-06-1975
483,Tom,Soto,adamhernandez@hotmail.com,Other,001-797-002-0465x4172,Jamaica,29-10-1956
484,Colin,Munoz,davisashley@russell.com,Female,001-807-996-0265x0915,Libyan Arab Jamahiriya,13-12-2001
485,Daniel,Simpson,rachel47@hotmail.com,Male,466.603.0409,Marshall Islands,24-03-1976
486,Michael,Evans,hector81@schroeder.info,Male,475.350.3167x56391,Sierra Leone,11-06-1987
487,Elizabeth,Moore,karldeleon@wagner-howell.com,Male,8813423136,Lesotho,12-10-1984
488,Jonathan,Lopez,lisadavis@gmail.com,Female,-2268,Cameroon,01-02-1985
489,Amy,Pierce,josephgillespie@yahoo.com,Male,+1-172-662-8188x52762,Suriname,10-07-1974
490,Stephen,White,fsosa@gmail.com,Other,001-869-846-2146x844,Papua New Guinea,30-12-1956
491,Kathleen,Jackson,shawncox@gmail.com,Other,-5735,Netherlands,13-07-1982
492,Melissa,Schultz,banksjose@hotmail.com,Female,247.991.3061x683,Guadeloupe,06-08-1969
493,Darlene,Mills,pdixon@yahoo.com,Female,560.701.0420,Korea,29-04-1995
494,Regina,Ramos,lhenry@hotmail.com,Other,+1-443-266-9053x5430,Andorra,02-02-1988
495,Bruce,Gonzalez,katiecox@yahoo.com,Other,+1-554-241-3999x9598,Taiwan,06-03-1965
496,Allen,Smith,jenniferlambert@johnson-jones.biz,Male,374.581.8245,Mozambique,05-10-1993
497,James,West,ryan02@harris.com,Female,+1-258-110-4710x21506,Congo,29-04-2005
498,Cole,Kelley,vdominguez@bell-daniels.net,Female,001-269-595-9556,Egypt,28-07-1957
499,Marilyn,Watts,xmartin@allen-jones.biz,Male,(246)982-6320x6799,Benin,06-05-1992
500,Gerald,Greene,duartemichael@gmail.com,Female,0390259091,French Guiana,08-03-1973
501,Alexander,Valenzuela,cindynixon@gmail.com,Female,-2248,Romania,01-12-1985
502,Devin,Erickson,brian63@moreno.com,Female,396.925.5989,Pakistan,23-04-1981
503,Wanda,Barnes,clintonwoods@gmail.com,Male,830.321.2239,French Southern Territories,20-04-1969
504,Susan,Maxwell,karagutierrez@hotmail.com,Male,001-936-943-7747,Malta,16-11-1960
505,Richard,Torres,joshuawhite@gmail.com,Male,305.887.0562x2504,Isle of Man,01-06-1957
506,Raymond,Smith,knunez@yahoo.com,Male,001-740-567-1042x3029,Ireland,29-07-2007
507,Steven,Fernandez,kevinaustin@yahoo.com,Female,(877)684-6909,United States of America,24-05-1961
508,Brian,Porter,dodsonsandy@williamson-adams.biz,Female,(785)254-2842,Togo,25-04-1964
509,Christy,Mosley,pamelaherring@hotmail.com,Other,-5134,Mauritius,21-05-1974
510,Matthew,Brady,rickey66@buck.com,Male,143.520.0315,Zambia,06-03-1959
511,Timothy,Flowers,stevenkaiser@ellis-snyder.com,Female,001-394-774-7093,Honduras,03-01-1996
512,Michael,Hampton,daniel74@thompson.net,Male,(763)884-2600x411,Jamaica,29-02-1976
513,Ann,Reyes,tuckerrobert@yahoo.com,Female,8438460254,Saint Lucia,02-07-1990
514,John,Ford,hjones@charles.net,Male,+1-676-340-0608x387,Singapore,26-07-1990
515,Henry,Hudson,manuel99@yahoo.com,Female,001-907-849-6873x3285,Oman,18-08-1955
516,Lisa,Hartman,edwardunderwood@yahoo.com,Other,(294)218-6120x62422,Bosnia and Herzegovina,25-03-1980
517,Rebecca,Moore,sarahfuentes@gmail.com,Other,1802318442,French Southern Territories,24-02-1970
518,Timothy,Sims,jonathanbates@morales-jackson.com,Female,873-753-4483x8349,Kiribati,05-01-2005
519,Thomas,Villanueva,erinrasmussen@lee.biz,Other,(661)900-6029x434,Djibouti,06-08-2002
520,Michael,Reeves,carlsontodd@chan.com,Other,(045)926-1728,Andorra,06-04-1990
521,Gabriel,Davis,harrisonbrian@gmail.com,Male,399.659.2647x66451,Thailand,11-07-1974
522,Angela,Chan,masondonna@berry.com,Female,(539)719-7486,Kenya,29-12-1992
523,Michael,Jones,bradleyruiz@davis.com,Female,6162060687,Lesotho,02-08-1978
524,Carrie,Hutchinson,longkelly@wheeler.net,Female,390.206.1424x319,Cape Verde,09-03-1963
525,Samantha,Cox,adrianserrano@cruz.com,Female,+1-241-779-3715x098,Peru,24-02-2001
526,Heidi,Scott,hutchinsonbrittany@aguilar-collins.com,Female,(112)615-5117,Aruba,01-03-1967
527,Cory,Hopkins,jeanbray@yahoo.com,Female,9415495986,Bolivia,25-07-1967
528,Daniel,Smith,jesseraymond@yahoo.com,Other,+1-426-951-9216x19302,Romania,06-08-2006
529,Joshua,Smith,xsanchez@hotmail.com,Male,001-321-089-6295x5698,Singapore,12-11-1989
530,Douglas,Hanson,moorecatherine@yahoo.com,Other,131.607.5813x7049,Bouvet Island (Bouvetoya),02-06-1984
531,Susan,Chapman,michael29@kim-cross.com,Female,759.956.6124x35989,British Virgin Islands,15-12-1998
532,Jessica,Brown,robertsthomas@black.com,Other,(290)058-9451x30447,Guam,29-01-1956
533,Joyce,Smith,kimmoreno@gmail.com,Female,273-765-8202x9410,South Georgia and the South Sandwich Islands,09-05-1972
534,Linda,Davis,turnerrobert@mendez.com,Other,549.334.0070x6236,El Salvador,30-11-1962
535,Bianca,Abbott,sandrahall@gray-hernandez.biz,Female,+1-779-050-5001x638,Myanmar,02-07-1977
536,Jonathon,Gonzalez,nramos@graves.net,Other,-2220,Canada,27-07-1992
537,Andrea,Reynolds,cody39@bass.org,Male,(765)103-6674x36099,Gibraltar,14-01-1991
538,Deanna,Stewart,brewerjennifer@hotmail.com,Male,336.446.8458x659,Micronesia,21-10-1984
539,Kristy,Castillo,samanthamcbride@best.com,Other,(771)411-3027x822,United Arab Emirates,01-08-1955
540,Jay,Mcintyre,mitchellphillips@reed.net,Other,+1-823-016-4139x9484,Guinea,03-10-1957
541,Lisa,Murphy,angela52@gmail.com,Other,091-444-1421,Congo,30-11-1994
542,Kaitlyn,Brown,kyle24@yahoo.com,Female,(951)886-8037,Guyana,05-07-2007
543,Veronica,Flores,kennethhawkins@davis.info,Female,669.116.3484,Chile,11-04-1976
544,Matthew,Boyle,petersonchristopher@brown-clark.com,Female,481.703.5990x45073,United Kingdom,23-07-1969
545,Kevin,Nunez,michaelfigueroa@hendricks.net,Other,082.331.1777x73187,Estonia,23-01-1969
546,Kristin,Torres,curtisgibbs@martinez.net,Female,816-953-1962x1235,Iran,02-09-1978
547,Deborah,Walton,veronicawatkins@yahoo.com,Female,+1-487-017-8396x2616,Cocos (Keeling) Islands,26-08-1994
548,David,Cline,zachary42@paul-sims.com,Female,682.025.9131,Angola,08-04-1957
549,Zachary,Lynch,brownzachary@yahoo.com,Male,001-425-275-2641x90945,Saint Kitts and Nevis,16-12-1967
550,Brittany,Nelson,erin68@sandoval.com,Male,(596)100-8113x9290,Saint Lucia,22-01-1969
551,Edwin,Williams,scottgarrett@barajas.org,Other,001-725-551-8542x11389,Antigua and Barbuda,09-04-1997
552,Melissa,Oconnor,williamsian@reyes.info,Other,627.811.5809x294,Azerbaijan,07-01-1960
553,Brent,Bennett,victoria17@gmail.com,Male,+1-361-864-7228x051,Syrian Arab Republic,12-04-1976
554,Paul,Fischer,elizabeth57@benson.com,Other,996-009-8616x267,Marshall Islands,15-03-2001
555,Nicholas,Werner,andrew06@cox.net,Female,(010)264-6198,Guinea,22-06-1981
556,Lisa,Rice,moniquemiller@salazar.org,Female,869-492-5065x604,Bolivia,15-07-1984
557,Austin,Adams,april67@herman.net,Female,001-709-084-4800,Paraguay,22-09-1977
558,Sarah,Mullins,jkelly@yahoo.com,Female,387-079-2340,Latvia,03-09-1965
559,Heidi,Lee,ucampos@gmail.com,Female,504-417-1991,Belarus,26-01-1971
560,Peter,Hawkins,halllinda@garza.net,Other,001-504-096-7915,Tokelau,17-07-1955
561,Clayton,Diaz,rogersdale@yahoo.com,Female,+1-564-788-5190x7308,Christmas Island,08-04-1961
562,Mary,Wells,cruzjennifer@yahoo.com,Female,+1-004-118-5389x964,Nepal,26-07-1979
563,Cindy,Nash,kyle01@chapman.biz,Female,001-311-606-3518x530,Western Sahara,11-12-1959
564,Matthew,Williams,christineherrera@gmail.com,Male,458-814-7945x818,Qatar,27-04-1999
565,Carol,Chambers,brentcole@yahoo.com,Other,(805)869-3656x498,Georgia,17-05-1964
566,Jonathan,Collier,rachel70@hotmail.com,Male,+1-716-922-3072x3600,Greenland,17-10-1991
567,Heather,Jackson,danielsrobert@ramsey.org,Female,238-282-5881x4132,Bosnia and Herzegovina,21-01-1976
568,David,Smith,shannon20@hotmail.com,Other,030.178.4526x9013,Cameroon,05-10-1968
569,Jonathan,Gonzalez,robertortiz@humphrey.biz,Other,825-160-6023x41591,Reunion,19-11-1990
570,Samantha,Spears,robertstrong@powers.com,Male,696.952.4408x55649,San Marino,21-03-1965
571,Thomas,Smith,jordanheather@hotmail.com,Other,(663)663-1285x233,American Samoa,17-11-1971
572,Andrew,Medina,lorisilva@yahoo.com,Female,216.469.1558x271,Martinique,10-12-1963
573,Jon,Powell,theresabrown@martin.org,Other,459.414.7924x8443,French Polynesia,05-03-1972
574,Joseph,Brock,dcurry@yahoo.com,Other,551-044-4365,Samoa,10-06-1955
575,Anna,Gonzalez,wallsanthony@hotmail.com,Male,132-368-0589x8681,Saint Vincent and the Grenadines,29-05-2007
576,Rodney,Martinez,brittanyreid@hotmail.com,Female,(988)768-5514x1982,Macao,15-04-1971
577,Kayla,Ray,ewilliams@hotmail.com,Male,001-697-036-7425x1690,Guinea-Bissau,19-01-1972
578,Brianna,Castillo,martinjohn@knapp-phelps.info,Other,001-222-064-2992,Saint Martin,02-09-1976
579,Annette,Austin,nnguyen@johnson.biz,Male,144.824.8087x2061,Georgia,30-05-1989
580,Nicholas,Holmes,awarren@yahoo.com,Other,(072)592-8264x023,Lebanon,12-04-1963
581,Daniel,Collins,mholloway@gmail.com,Female,-4286,Monaco,05-05-1998
582,Corey,Morrison,pwilkins@davis.com,Male,001-671-840-6968x501,United Kingdom,01-09-1975
583,Michelle,Galvan,mdavis@mitchell.biz,Female,001-993-460-1079x484,Cambodia,25-08-2005
584,Crystal,Guerra,christianjones@hotmail.com,Male,2135774353,Spain,31-10-1971
585,Karen,Bennett,justin21@gmail.com,Female,344-413-6073x3911,Brunei Darussalam,05-09-2000
586,Elizabeth,May,thebert@calderon.info,Male,(480)568-7408x3277,Lao People's Democratic Republic,29-08-1973
587,Grant,Mejia,rsmith@simon-williams.biz,Other,+1-706-876-5963x88604,Japan,17-11-1966
588,Jenna,Boyle,qthomas@berger.com,Male,-3086,Monaco,28-07-1967
589,Jeremy,Thompson,msandoval@fowler.com,Other,1978105826,Albania,02-11-1958
590,Margaret,Vargas,jacquelinedawson@shepard-wilson.com,Other,118.352.8592,Georgia,25-05-1975
591,Christopher,Chambers,zmoss@gmail.com,Male,(375)396-1996x9207,Lesotho,24-11-1987
592,Christopher,Gilbert,robert18@thompson.com,Male,001-099-779-8525x185,Bhutan,17-02-1989
593,Jose,Clark,karla39@yahoo.com,Other,+1-109-896-6723x695,Sri Lanka,07-01-1973
594,Jacqueline,Berg,justin34@harris-green.com,Male,001-619-378-2621x00526,Chile,17-11-1955
595,Nicholas,Valenzuela,justinwalker@hotmail.com,Other,001-904-318-3004x5073,Saint Lucia,07-02-2003
596,Ricky,Ortega,mhorn@rodriguez.com,Female,001-181-281-6347x6503,Japan,22-04-1961
597,Joseph,Kennedy,jaime44@gmail.com,Other,+1-873-305-4737x1235,Cuba,01-02-1974
598,Kenneth,Davis,michelle42@morrison.info,Other,(323)930-8086x0349,Qatar,06-03-1968
599,Carrie,Phelps,teresa58@gmail.com,Female,001-095-487-1431x4321,Togo,07-06-1996
600,Gary,Hess,johnny09@yahoo.com,Female,225.829.1496,Iceland,09-09-1966
601,Jessica,Gonzalez,matthewmoore@hotmail.com,Other,994.623.8989,Belgium,19-01-1970
602,Laura,Wheeler,michaelwilliams@gmail.com,Female,718-140-9727x579,Greece,08-02-1992
603,Carrie,Byrd,wellschristie@moore.biz,Female,+1-807-824-4566x9334,South Africa,19-10-1962
604,Vickie,Garcia,jennifer63@gmail.com,Male,479.957.6839,Faroe Islands,17-03-2000
605,David,Finley,veronica76@reyes.com,Female,338.661.7411x82764,Australia,20-06-1987
606,Megan,Hale,zvaldez@erickson.biz,Other,+1-205-432-5500x1544,Bahrain,18-06-1966
607,Michael,Williams,ryanbarbara@hotmail.com,Male,(403)249-8237x943,United States Minor Outlying Islands,24-12-2000
608,Kevin,Brown,gabriellemckay@hotmail.com,Male,536-339-0176x314,Colombia,05-01-1975
609,Christopher,Liu,parkerdouglas@yahoo.com,Male,0830744627,Moldova,18-09-1985
610,Robin,Rodgers,steven59@figueroa.biz,Male,(974)668-7195x1554,United Kingdom,25-04-1993
611,James,Beck,allison49@ware.com,Female,694-940-4332,Moldova,19-02-1979
612,William,Ross,sara69@gmail.com,Female,292-014-6242,Kuwait,15-07-1960
613,Christopher,Tucker,xrussell@harris.net,Male,+1-790-849-0464x2456,United States Virgin Islands,28-01-2000
614,Jessica,Green,katieburke@moore.com,Male,001-204-257-5157x25949,San Marino,08-04-1969
615,Stephen,Webb,ujohnson@cole.com,Male,291-981-7440,Vietnam,29-01-1968
616,Douglas,Cardenas,crystalmeza@jackson.info,Male,+1-350-100-4643x871,Tunisia,24-10-1956
617,James,Dunn,darnold@gmail.com,Male,+1-670-451-8603x8434,Tajikistan,15-07-1984
618,Melissa,Hughes,kevinholder@hotmail.com,Male,4966178740,China,27-06-2001
619,James,Curtis,walkerjeffrey@dickerson.com,Other,584.214.1029,Antarctica (the territory South of 60 deg S),14-10-1972
620,Troy,Phillips,caitlinnguyen@parks.biz,Other,+1-409-431-4478x1127,San Marino,27-06-1985
621,Kaylee,Young,andresmcbride@mccullough.com,Other,3750988218,Botswana,16-11-1978
622,Katrina,Woods,garygrant@hotmail.com,Other,(512)848-9122,Russian Federation,08-10-1959
623,Carly,Thomas,fullerdonald@yahoo.com,Male,344.011.6851x1938,Ireland,15-02-1994
624,Taylor,Sandoval,cleon@henderson.org,Male,423-653-2055x2413,Brunei Darussalam,08-09-1957
625,Claire,Garcia,gabrielwilson@hotmail.com,Male,248.829.4623,United States Virgin Islands,01-09-1979
626,Kelly,Wright,ryanjohnson@gmail.com,Female,+1-311-350-0574x548,Iceland,28-01-2000
627,Daniel,White,richardrose@hotmail.com,Other,001-675-531-1560x511,Mozambique,09-11-1990
628,Dennis,Smith,ujuarez@gmail.com,Female,(502)604-0344,Heard Island and McDonald Islands,05-01-1985
629,Alisha,Meza,cervantesbrittany@gmail.com,Other,300.846.8071,Norfolk Island,21-06-1961
630,Scott,Garcia,travis89@rios.biz,Other,001-028-175-6473x7565,Italy,11-10-1981
631,Joseph,Cook,harmonsean@gmail.com,Male,193-195-6379x52895,Bahamas,24-09-1968
632,Timothy,Pearson,ewingjessica@lane.com,Female,615.152.9003,Bermuda,09-02-1995
633,Joseph,Mcbride,jbridges@gmail.com,Female,775.746.8286,Cote d'Ivoire,12-07-1983
634,Frederick,Carroll,kingjacqueline@hotmail.com,Female,001-447-110-7004x54339,Korea,11-07-2004
635,Stephen,Floyd,odickerson@yahoo.com,Male,321-898-6199x800,Congo,25-09-1974
636,Jennifer,Bailey,ethan22@zimmerman.com,Other,511-440-5770x065,Rwanda,26-03-2001
637,Robert,Johnson,todd84@yahoo.com,Male,903.538.7301x86865,Czech Republic,28-10-2002
638,Perry,Morris,williamselizabeth@hotmail.com,Other,775.253.0360x09963,France,05-05-1955
639,David,Grant,martinshannon@hotmail.com,Male,+1-847-988-1303x883,Burkina Faso,04-11-1990
640,Nathan,Taylor,jasonmendoza@campos-jackson.com,Female,582-830-3234x2352,Saint Vincent and the Grenadines,04-09-1959
641,Christopher,Day,jennifer16@baxter-cochran.com,Male,001-544-382-8914,Georgia,16-08-2005
642,Jennifer,Mcmillan,jill53@fritz.com,Male,451.466.8514,Russian Federation,20-09-1992
643,Bryan,Graves,trice@mccoy.com,Other,001-994-010-3888x143,Angola,24-04-1960
644,Daniel,Gutierrez,etaylor@sullivan-jefferson.com,Male,012-048-0979,Yemen,06-09-1975
645,Ryan,Stout,margaretlewis@hotmail.com,Female,001-684-141-2302x524,Martinique,07-10-1968
646,Breanna,Horton,hpeters@hart.com,Female,303.313.3931,Malta,05-10-1955
647,Carmen,Owen,morganjake@arroyo-griffin.com,Male,(696)472-6140,Sierra Leone,09-06-1965
648,Cindy,Rogers,rodriguezlawrence@calhoun.org,Other,072-929-0775,Myanmar,06-03-1988
649,Ashley,Chavez,tonyajarvis@gmail.com,Male,307.843.5405x379,Guam,19-07-1974
650,Tabitha,Chaney,brent38@moore.com,Male,057-200-2460x385,Mongolia,16-12-1977
651,Nicholas,Tucker,shawnandrews@hotmail.com,Other,+1-950-858-2539x18943,Ethiopia,11-05-1970
652,Nancy,Lawrence,ebony76@gmail.com,Male,001-412-993-9413x5100,India,17-07-1990
653,Cody,Browning,hsimmons@wagner-gordon.biz,Female,479-303-5091x903,Panama,31-03-2005
654,Jeremy,Bishop,ericarose@gmail.com,Female,0831188022,Malta,31-10-2000
655,Patricia,Gonzalez,uadams@brennan.com,Female,001-593-520-9800x8153,India,14-04-1991
656,Patricia,Lowe,warrenadam@bell-brown.com,Male,1030245959,Liberia,27-07-1955
657,Melissa,Anderson,pmarshall@harrison.org,Other,383.703.6047,Cape Verde,16-01-1993
658,Jared,Miller,brandon04@gmail.com,Male,848.209.5735x6933,Uzbekistan,08-01-1965
659,Sarah,English,belinda51@jones.biz,Female,(632)074-1618,Bermuda,04-10-1958
660,Russell,Leach,joann34@gmail.com,Female,(175)822-9464x34531,South Georgia and the South Sandwich Islands,03-02-1975
661,Norman,Hartman,achristensen@gmail.com,Male,138.363.8638,Guam,12-03-1970
662,Daniel,Barrett,jessica67@yahoo.com,Male,5437321687,Cayman Islands,31-12-1997
663,Sarah,Riley,jonesrobert@lee.com,Male,086.970.6996,Syrian Arab Republic,02-04-1961
664,Deanna,Valencia,xlong@villarreal.com,Female,(055)546-0639x9936,Equatorial Guinea,04-11-1957
665,Jesse,Perez,brandiparker@ellis.net,Other,001-438-035-3377,Morocco,14-04-1967
666,Nicholas,Sutton,simmonshayden@sullivan.com,Male,-3907,Portugal,24-10-1975
667,Wayne,Snyder,brownsamantha@gmail.com,Female,576-908-2022,Lebanon,31-08-1959
668,Michael,Hernandez,joshua11@fisher.biz,Other,+1-626-560-5123x22117,Gibraltar,22-07-1987
669,Kelsey,Cantrell,bryanpatel@hotmail.com,Female,(401)973-7060,Bahamas,11-08-2000
670,Michele,Bishop,reginaoneal@moore.org,Other,018-256-5897x34169,Haiti,17-10-1968
671,John,Christensen,morganmelissa@johnson-oliver.com,Other,(432)994-3447x8326,Swaziland,18-01-1974
672,Michael,Ramirez,vanessa50@myers-cole.com,Other,+1-035-328-1461x97068,Myanmar,05-08-2002
673,Anthony,Adams,johnsonrita@yahoo.com,Other,(505)066-2006x157,Malaysia,04-07-1987
674,Kimberly,Carey,smithwilliam@yahoo.com,Other,(625)314-2574x056,Holy See (Vatican City State),10-10-1991
675,Gregory,Davis,hector57@gmail.com,Other,(476)436-9658x19200,Taiwan,25-07-1973
676,Kimberly,Owen,lauren03@hotmail.com,Male,213.714.3056x88835,Namibia,05-08-1955
677,Frances,Weiss,benjamin63@curry-blair.info,Other,136-765-6486,Pitcairn Islands,15-06-1995
678,James,Wilson,suzanne14@gmail.com,Female,167.968.7275x26063,Iceland,30-07-1964
679,Paul,Jimenez,vfisher@johnson-ware.com,Male,5057514888,Ghana,22-03-1997
680,William,Hall,wendyolson@hotmail.com,Male,419.238.9154x987,Dominican Republic,03-12-2000
681,Carol,Gonzalez,wlester@sherman-barnes.com,Male,(138)990-8867x0066,Guam,22-06-1965
682,Brett,Griffin,qcarlson@hotmail.com,Male,482-308-6908,Guinea-Bissau,20-03-1981
683,Craig,Harris,terrygeorge@shields.com,Other,(097)241-6163,Somalia,22-02-1962
684,Maria,Jones,mmayo@valencia-scott.info,Female,728-131-0671x1236,Vietnam,13-11-1969
685,Dawn,Moore,cwatkins@hotmail.com,Female,052.841.8594x677,Palau,15-08-2002
686,Cheryl,Garcia,jenkinsmarissa@williams.net,Female,+1-597-982-1070x9132,Lesotho,16-05-1958
687,Bobby,Mcguire,gabriellecarr@gmail.com,Female,019.180.3561,Namibia,10-07-1991
688,Lisa,Dominguez,matthew61@cohen.com,Other,(004)871-6129x4917,Serbia,12-06-1973
689,Brandon,Martinez,lcabrera@gmail.com,Male,001-867-365-2786x6133,Saint Helena,15-11-1966
690,Jennifer,West,gregory68@flores-hanson.net,Female,+1-218-679-8237x94162,Pitcairn Islands,08-03-2000
691,Tonya,Compton,hannajonathan@hotmail.com,Male,(878)586-3827,Bolivia,18-05-1973
692,Jared,Park,denise08@glover.com,Male,(930)703-4914,Morocco,17-03-1998
693,Michael,Mills,mathew50@lopez.org,Male,+1-398-419-2538x609,Botswana,14-03-1981
694,William,Johnson,heather03@sanford.com,Other,+1-986-216-7582x0176,Cuba,31-08-2006
695,Anthony,Perez,qburton@allen.info,Female,(455)059-8464x01621,Palau,01-05-1983
696,Robin,Dorsey,robert68@roberts.com,Female,273-065-0403,Macao,04-09-1966
697,Sandra,Jones,jamesdelgado@carroll-grant.com,Female,001-881-686-6571x5003,Gambia,09-03-1964
698,Justin,Hall,melissarodriguez@gmail.com,Male,001-719-130-9940x01761,Lesotho,12-01-2005
699,April,Rollins,tcameron@shaw.com,Female,530-309-9561x30009,Guatemala,23-11-1989
700,Crystal,Gray,carpenterheidi@kennedy.biz,Female,463.427.3085,Zambia,26-04-2003
701,Shawn,Walton,christopher21@beck.org,Male,-6262,British Indian Ocean Territory (Chagos Archipelago),23-07-1960
702,Martin,Lewis,whitedavid@hotmail.com,Male,296.604.6884,Korea,09-08-1973
703,Valerie,Bridges,richard64@bailey.biz,Male,825-457-8880x275,Venezuela,04-03-1989
704,Jennifer,Newman,julie15@hotmail.com,Female,112-601-4216x068,Spain,02-12-1976
705,Megan,Berry,leslie76@hotmail.com,Male,+1-952-940-6541x7265,Angola,17-02-1961
706,Cynthia,Hinton,lauraguzman@yahoo.com,Other,001-564-030-7084x069,Moldova,03-05-1963
707,Michael,Travis,vangsarah@yahoo.com,Male,001-166-540-3669,San Marino,05-01-1995
708,Jennifer,Baker,dgilbert@yahoo.com,Male,714.357.8466x2742,Bosnia and Herzegovina,19-01-1967
709,John,Benitez,micheal77@gmail.com,Other,+1-108-782-5692x5355,Somalia,17-11-1958
710,Richard,Smith,hayesscott@hughes-gardner.com,Female,944-216-7689x7297,Mozambique,15-10-1969
711,Lee,Garza,tracymorgan@hotmail.com,Male,001-901-104-6508x80938,Uruguay,08-02-1958
712,Barbara,Welch,kimberlycarter@howard.org,Female,576-702-6894x8842,United States Virgin Islands,23-06-1977
713,Emily,Lee,xfrazier@hotmail.com,Male,(574)794-6507x33881,Venezuela,29-06-2005
714,Benjamin,Beck,holdenkatherine@hotmail.com,Female,+1-713-230-6274x5875,Bhutan,09-11-1964
715,Amanda,Martin,rodneytorres@gmail.com,Female,666-614-8924,Brazil,20-03-1977
716,Kaylee,Clark,nancystokes@yahoo.com,Male,(065)560-8847x130,Cote d'Ivoire,04-01-1969
717,Christy,Fitzpatrick,jennifermeyer@yahoo.com,Female,(034)554-6117,Micronesia,27-11-1993
718,Dean,Blair,bradforddanielle@hotmail.com,Male,034.626.1080,Netherlands,03-06-1984
719,Lauren,Conley,gadkins@smith.org,Other,001-624-745-1151x56068,Svalbard & Jan Mayen Islands,21-06-1976
720,Michael,Reid,tylermacdonald@gmail.com,Other,463.825.1126,Morocco,01-11-1974
721,Daisy,Mills,wilsonshannon@tran.com,Other,001-386-447-9977,Jordan,21-01-1973
722,Danielle,Barrett,kellyanderson@hotmail.com,Female,984.569.2195,Uruguay,22-07-1998
723,Stacy,Schroeder,tdavis@brady-chang.com,Male,(946)086-7056x6563,Georgia,21-02-1962
724,Michael,Ward,ashleylopez@thompson.com,Other,521.537.2143,Tuvalu,03-03-1957
725,Juan,Chapman,april68@yahoo.com,Male,216-380-7734x6616,Tokelau,20-05-1968
726,Caleb,Raymond,villakyle@myers-holmes.net,Other,-3055,Afghanistan,19-07-1972
727,William,Rodgers,wayne61@bradshaw.info,Female,001-312-068-7894x46853,Cayman Islands,28-03-1987
728,Daniel,Frazier,brandy10@molina-lewis.net,Other,0001033358,Guam,13-04-1970
729,Dustin,Nelson,greg80@yahoo.com,Other,117-176-6069x927,China,30-03-1961
730,Stephanie,White,xgarcia@yahoo.com,Female,-3348,Malaysia,13-08-1964
731,Jennifer,Howell,armstrongjeffery@gmail.com,Female,847.288.6058,Honduras,10-01-1967
732,Henry,Love,qadams@gmail.com,Male,+1-120-395-3949x177,New Caledonia,07-11-1964
733,Nicholas,Rowe,amberlee@gmail.com,Female,763-467-8279x0941,Qatar,03-04-1988
734,Robin,Dunn,staffordhannah@christian.com,Male,+1-611-179-2993x202,Hungary,13-06-1972
735,Susan,Sanders,abigailmolina@yahoo.com,Female,+1-222-888-2116x281,Hungary,25-01-1992
736,Amanda,Lawson,william83@yahoo.com,Female,162-726-0133,Gibraltar,22-06-1992
737,Sandra,Nguyen,djohnson@williams.net,Female,860-353-3804,Nauru,30-12-1993
738,James,Willis,james71@marshall-adkins.com,Female,001-544-461-0275x3694,Martinique,26-12-1958
739,William,Keller,laurajones@yahoo.com,Female,(041)073-4699x5204,Czech Republic,15-08-1981
740,Ruth,Garrett,browndevin@hotmail.com,Male,+1-910-087-0350x14599,Niger,26-12-1975
741,Amy,Hicks,gregorypreston@white.org,Male,792.934.9327x1766,Cocos (Keeling) Islands,16-09-1984
742,Patrick,Murphy,melindamiller@mckinney.com,Male,082-531-0476x0993,Estonia,15-03-1995
743,Lindsey,Diaz,msmith@gmail.com,Male,001-928-996-2039x6398,Sierra Leone,03-10-1992
744,Jose,Barron,tina49@yahoo.com,Male,001-098-386-5095,Ireland,04-07-2003
745,Claire,Duncan,kevinfoster@gmail.com,Male,(643)942-1195,Monaco,28-09-1989
746,Amber,Kim,victoria25@hotmail.com,Other,239-921-6590,Kyrgyz Republic,04-12-2004
747,John,Harding,barbara97@yahoo.com,Other,977.379.2295x569,Myanmar,10-05-1983
748,Gregory,Rasmussen,davismadison@michael.com,Male,139-396-6620x52822,Mongolia,03-06-1989
749,Richard,Blankenship,daniel55@snyder.com,Male,(274)697-0401x549,Mexico,12-12-1988
750,Abigail,Fox,odunlap@hotmail.com,Female,518-121-6110x816,Jersey,15-12-1981
751,Tonya,Atkins,mclaughlinsteven@yahoo.com,Male,4595036096,Saint Lucia,08-06-1987
752,Zachary,Villa,alexandria98@leblanc-davis.com,Female,165.621.5249x875,India,21-10-1973
753,Theresa,Scott,kgutierrez@hotmail.com,Other,1432045296,Macao,16-08-1981
754,Melissa,Valencia,bjimenez@yahoo.com,Female,777.320.3886x85854,Sudan,30-08-1976
755,Amanda,Kirk,wesley96@baker.com,Other,855.286.7662,Cuba,02-03-1984
756,Christine,Odonnell,kenneth35@hotmail.com,Male,009-119-7754,Kenya,09-09-1967
757,Matthew,Williams,parkerjoanna@smith.biz,Female,(497)818-3935x9389,Saint Kitts and Nevis,15-05-1969
758,Claire,Smith,stephaniedudley@yahoo.com,Female,-5415,Monaco,08-10-1963
759,Betty,Davis,justinprince@yahoo.com,Male,661-609-1292x759,China,25-06-1958
760,Cynthia,Chapman,rodriguezmary@yahoo.com,Female,6265430129,Hungary,26-05-1971
761,Stephanie,Murphy,wjohnson@hotmail.com,Other,3059544317,Austria,11-01-2002
762,Melissa,Ford,chenkristen@hotmail.com,Male,851.686.6928x969,Burkina Faso,23-08-2003
763,Linda,Gordon,jessicabeck@summers.net,Female,001-430-005-6264x7073,Greece,13-05-1999
764,George,Rios,fosterjames@holmes.org,Female,6113863400,Botswana,12-01-1999
765,Willie,Ramirez,george54@hotmail.com,Other,247-244-8784,Seychelles,22-02-1986
766,Elizabeth,Mora,caldwellmarc@bradley.info,Female,(508)346-0240x934,Malawi,02-10-1955
767,Heather,Castro,zcooper@fields-oliver.com,Other,+1-218-003-8715x7981,Dominica,31-07-1975
768,Robert,James,phudson@yahoo.com,Male,586-080-3375,Colombia,29-03-1968
769,Angela,Davis,kedwards@durham.net,Other,(825)092-5793x856,Israel,07-05-1994
770,Lisa,Morrow,perrydorothy@hotmail.com,Male,375-517-3786x896,Congo,12-01-1983
771,Shawn,Davis,lisashepherd@galvan-luna.net,Female,(444)020-2473,Belize,04-03-1956
772,Kenneth,Riggs,reedcynthia@torres.com,Female,838.089.5381,Chile,18-04-1999
773,Theresa,Delgado,ygreen@torres-martinez.org,Other,6552858168,Jersey,07-07-1969
774,Tristan,Mann,shaunpowell@yahoo.com,Female,(345)322-3911,France,27-02-1965
775,Matthew,Reid,alexis56@morgan.com,Female,(791)128-6925,Iraq,24-06-1981
776,Peter,Carter,mario67@palmer.org,Other,001-132-879-7865,Vietnam,30-06-1958
777,Danielle,Johnson,youngdaniel@robinson-howard.biz,Male,908-864-5060x313,Falkland Islands (Malvinas),25-07-1995
778,Michael,Sullivan,cadams@yahoo.com,Other,-4703,Palestinian Territory,03-09-1990
779,Stephanie,Stewart,curtisvalencia@stevenson.com,Male,187.247.5265x710,Korea,24-07-1975
780,Ashley,Tate,leejames@mccann.com,Male,(957)759-9504,Maldives,11-08-1976
781,Melissa,Rivers,amccarthy@yahoo.com,Male,268.083.7620,Ghana,06-12-1970
782,Kimberly,Vaughan,tiffanycastro@strickland-hill.info,Male,6751623270,New Caledonia,31-07-1958
783,Kimberly,Estrada,josevaldez@ware.com,Female,+1-651-143-5207x4893,Poland,06-12-2005
784,Deborah,French,vrangel@page.net,Other,001-119-634-5949x8350,Singapore,22-09-1992
785,Timothy,Wagner,jacksonsarah@barnes.com,Other,850-028-7896,Isle of Man,08-10-1985
786,Kevin,Guzman,david46@hotmail.com,Other,045-593-4837,Guam,12-12-1990
787,Julie,Carroll,marcus70@gmail.com,Female,(926)003-2049,El Salvador,12-06-1969
788,Cassie,Contreras,tolson@banks-long.com,Male,001-257-820-5173x806,Haiti,20-07-1993
789,Breanna,Romero,david50@terry.com,Female,761.391.5648x31114,Finland,14-11-1988
790,Miguel,Cortez,victoria05@yahoo.com,Other,589.889.0439,Indonesia,25-03-1956
791,Randy,Thompson,osbornelisa@james-mccoy.org,Female,-3798,Eritrea,22-07-1994
792,Jose,Smith,yrodriguez@yahoo.com,Male,001-085-438-6899,Kazakhstan,10-07-1970
793,John,Brown,alfredvasquez@hotmail.com,Other,001-110-887-2584x499,Cambodia,12-11-1980
794,Kathleen,Bell,cheryl95@fleming.com,Other,9052451702,Palau,12-12-1979
795,Danielle,Good,bwoodward@yahoo.com,Female,001-992-227-5794x500,Micronesia,31-08-1990
796,Keith,Mckinney,bferguson@hotmail.com,Other,001-731-904-7595x9513,Comoros,12-07-1999
797,Ryan,Higgins,jbaker@hotmail.com,Female,(635)063-9586,Gibraltar,30-07-2005
798,Mallory,Lopez,kayla30@hotmail.com,Male,8436815609,Suriname,09-07-1985
799,Alicia,Reilly,jonathan68@rodriguez.info,Other,001-034-134-9565x06548,United Arab Emirates,30-12-1965
800,Christopher,Krause,santiagocourtney@gmail.com,Male,065-709-6062,Swaziland,13-01-1987
801,Jordan,Brady,rodriguezdaniel@hotmail.com,Male,816-416-6796x2698,Congo,24-08-2002
802,Renee,White,lindseyreed@moore-wall.com,Other,+1-718-718-0353x26874,Croatia,20-07-1973
803,Jennifer,Browning,zanderson@browning-king.com,Other,191.635.2905,Cape Verde,24-04-1983
804,Nicolas,Morris,elizabeth08@lewis-white.com,Male,801.112.9355x93140,Sweden,14-07-1977
805,Nicholas,Edwards,taylorkiara@fletcher.info,Male,001-087-607-3708,Liechtenstein,13-09-1960
806,Chris,Singleton,jerome39@hotmail.com,Male,612-029-5591x6288,Angola,04-04-1967
807,Samantha,Brown,diazmelissa@ortiz.com,Male,(105)033-7832,Anguilla,22-09-1958
808,Nathan,Thomas,rebeccajordan@adams.org,Male,(084)395-9255x34792,Spain,26-02-1967
809,Jacqueline,Garcia,lsmith@hotmail.com,Female,929.897.7281x44747,Korea,05-06-1959
810,Beth,Dawson,harringtonchristopher@shaw.com,Other,189.818.6515,Nigeria,06-07-1961
811,Andrew,Perez,jessica75@gonzalez.com,Male,524.258.4197x75713,Panama,23-05-1980
812,Joseph,Adams,aramsey@gmail.com,Male,451-907-4069x9045,Kuwait,16-03-1973
813,Amanda,Brown,todd01@johnson.com,Female,+1-327-365-7244x03724,Kuwait,15-06-2004
814,Jasmine,Collins,erica07@yahoo.com,Female,9508718220,Gambia,19-12-2001
815,Michael,Gill,sarahrodriguez@cain.org,Male,003.621.3797,Montenegro,11-03-1992
816,Nicole,Gilbert,susanriggs@gmail.com,Other,(736)338-1530x47796,Togo,28-04-2005
817,Aaron,Keller,jefferybowman@gmail.com,Other,369-764-4016x370,Italy,04-12-1963
818,Annette,Ford,conniegonzalez@bell.info,Male,001-013-906-6750x438,Russian Federation,07-02-1995
819,Zachary,Stewart,davidhall@robbins.com,Female,060-418-5720,Wallis and Futuna,20-11-1977
820,Steven,Jones,kristenhill@massey-anderson.com,Female,+1-557-294-7079x198,Greece,16-10-1962
821,Jo,Duran,watsonjenny@diaz.com,Female,(155)366-6027,Burundi,20-06-1980
822,Amy,Smith,harrismelanie@buchanan-davis.org,Female,282-791-3646,Ukraine,19-07-1988
823,Kayla,Brown,elizabeth01@allen.com,Male,4863425934,Samoa,12-10-1976
824,Russell,Lowe,christopher67@tate.com,Female,0332918176,Philippines,07-03-1970
825,Tracy,Nguyen,jonathan66@yahoo.com,Other,(461)766-4129,Barbados,13-10-1987
826,Nicholas,Garcia,bmoore@moyer.com,Male,(171)914-6297x6946,Trinidad and Tobago,20-07-1976
827,Gregory,Conway,jbrown@yahoo.com,Other,183-222-6179,Cape Verde,10-07-1961
828,Tiffany,Garcia,janescott@stafford.com,Female,001-638-055-2966x9029,Netherlands Antilles,16-08-1963
829,Alejandra,Nelson,joannarodriguez@harris-morgan.com,Other,8729364220,Faroe Islands,09-04-1968
830,Anne,James,davisronald@yahoo.com,Other,-10639,Kyrgyz Republic,18-10-1981
831,Christopher,Brown,danaramsey@gmail.com,Female,+1-989-458-4443x50527,Cameroon,11-05-2005
832,Jennifer,Wagner,silvarebecca@sampson-avery.net,Other,001-575-903-9388x44439,Uganda,08-08-1955
833,Emily,Strickland,silvaangela@collins.biz,Male,001-120-609-7071x870,Saint Kitts and Nevis,30-10-1969
834,Jesse,Cole,james67@hogan.com,Female,001-492-889-0278x183,Iran,17-12-1965
835,Anna,Armstrong,hooddakota@hotmail.com,Male,188-617-3969x30317,Tonga,26-10-1968
836,Jeremy,Olson,gilesdenise@mccoy.org,Other,(456)489-5001,Tunisia,21-09-1995
837,Ryan,Paul,andrew26@smith.com,Male,463.020.8694,Tunisia,16-07-1988
838,Anthony,Hill,millersarah@hotmail.com,Female,001-507-529-2671,Lebanon,03-09-1966
839,Mark,Sanders,taylor15@hayes.com,Male,501.482.0446x8382,Algeria,23-08-1975
840,Kelly,Strickland,williamsrobert@yahoo.com,Female,078.069.8533x007,Venezuela,17-01-1988
841,James,Lin,douglasdavid@yahoo.com,Other,995-453-4578x18127,Kuwait,29-06-1965
842,Karen,Holmes,garywright@james-johnson.com,Other,001-774-743-7781x52723,Germany,08-12-1989
843,Autumn,Anderson,david59@rivera.com,Male,417.690.2718x867,Israel,09-07-1972
844,Denise,Brennan,theresareed@gmail.com,Other,(671)951-1769x2177,Samoa,07-07-2007
845,Jim,Richards,lguzman@klein.com,Other,001-662-460-0803x568,Mongolia,02-12-1963
846,Eric,Thompson,brendapeck@jenkins.org,Male,+1-297-011-5623x581,Bhutan,22-05-2003
847,Ronald,Owens,xjohnson@hotmail.com,Other,091-351-4729,Montenegro,07-08-1997
848,Samantha,Brown,williamriggs@yahoo.com,Other,409.715.7378x2505,Lebanon,25-09-1974
849,Christine,Howell,kyle10@wilson.net,Male,764-650-0129x4253,Iraq,25-09-1997
850,Mitchell,Mcguire,jennifer88@yahoo.com,Other,(206)668-4832x3613,Spain,24-03-1958
851,Kendra,Ross,bassrachel@gmail.com,Male,(533)883-4428,Somalia,27-01-2007
852,Kimberly,Blevins,ufitzgerald@jarvis.com,Male,925-292-4684,Cameroon,07-01-1973
853,Valerie,Scott,robinsonmegan@hotmail.com,Female,021-233-0992,Reunion,28-04-1992
854,James,Figueroa,eric98@hotmail.com,Other,001-846-174-1652,Falkland Islands (Malvinas),05-01-1975
855,Joshua,Johnson,irandall@brown.com,Female,323.537.2759,Azerbaijan,12-11-1963
856,Michelle,Warren,lisabright@hotmail.com,Other,001-936-320-0113x936,Korea,22-07-1991
857,Donald,Walter,tmorrison@stewart.com,Male,+1-636-965-0605x69303,Vanuatu,23-09-1999
858,Jason,Diaz,xlarson@yahoo.com,Male,001-450-158-7419x13334,Mauritius,16-09-1971
859,Eric,Griffin,andrewbrown@gmail.com,Other,+1-750-301-3867x336,Korea,05-07-1961
860,Robert,Wagner,joneschristopher@hotmail.com,Female,756.285.9442x00147,Liberia,05-12-1986
861,Thomas,Hughes,davidnguyen@flores-sullivan.com,Other,235.856.7502,Syrian Arab Republic,21-04-1959
862,Richard,Haley,amyponce@gmail.com,Male,034-777-1553,Austria,12-03-1996
863,Jennifer,Crawford,ccastro@hotmail.com,Female,6722459844,Saint Martin,08-07-2001
864,Vanessa,White,poncejesus@carter.com,Other,349-624-4801,Saudi Arabia,10-07-2006
865,Carmen,Sharp,littlemichael@perez-johnson.biz,Male,001-643-173-1356x1189,Namibia,10-12-1999
866,Melissa,Black,courtneynelson@gmail.com,Other,+1-204-361-5412x61775,India,18-02-1969
867,Nancy,Jones,morgan43@gmail.com,Male,-2358,Jordan,05-10-1983
868,Matthew,Payne,cartermike@gmail.com,Male,+1-634-028-4195x19132,Jordan,06-02-1984
869,Kirk,Reynolds,derek85@hotmail.com,Female,+1-960-932-6995x8980,Ethiopia,09-06-1958
870,Jose,Williams,steven32@fletcher-figueroa.com,Male,880.532.4642,Latvia,06-08-1997
871,Patricia,Pratt,michaelbryan@yahoo.com,Male,439.558.3404x7993,Saint Vincent and the Grenadines,03-04-2006
872,Michael,Powell,mikayla19@gmail.com,Other,+1-600-034-4859x4112,Saint Kitts and Nevis,07-12-1967
873,Brooke,Lewis,kcoleman@hotmail.com,Male,(171)905-2760,Svalbard & Jan Mayen Islands,06-04-1989
874,Roy,Blackwell,chelsea82@bautista-harrell.com,Other,+1-484-748-1878x8355,Chile,15-10-1986
875,Benjamin,Fletcher,jweeks@yahoo.com,Other,+1-978-253-7473x65000,Colombia,25-09-1961
876,Mark,Hernandez,david64@gmail.com,Male,(592)774-3849x7638,Tokelau,16-08-1959
877,Phyllis,Smith,enelson@gutierrez-davis.com,Other,034.803.6813x80472,Gabon,06-10-1992
878,Tyler,Davenport,rodriguezjeffrey@gonzales.net,Male,(570)418-7140x5541,Guadeloupe,13-09-1982
879,John,Moore,matthew22@williams.com,Male,+1-962-285-3599x64897,Benin,07-01-1967
880,Cynthia,Everett,lindsay72@foster-kelley.com,Male,(151)110-4225x576,Uruguay,07-09-1977
881,Don,Stone,wbaker@yahoo.com,Male,306-784-5771,Korea,25-05-1959
882,Todd,Bradley,austin13@garrett.com,Female,(311)127-4152,United Arab Emirates,10-04-1998
883,Rachel,Wall,rhenderson@gmail.com,Male,691-152-4151,Maldives,04-01-1967
884,Eric,Fields,jennifermcdonald@lewis.net,Other,001-556-261-8079x749,Moldova,26-12-1980
885,Charles,Brown,barnescarla@francis.com,Female,932.665.4373x5191,Suriname,15-04-1962
886,Valerie,Rosario,judith92@gonzalez.net,Female,001-381-375-0143x8454,Palau,20-06-1995
887,Jesse,Buckley,victoria77@park.com,Other,+1-935-317-7463x697,Timor-Leste,31-07-1979
888,Sarah,Santos,james25@gmail.com,Female,-9843,Micronesia,17-01-1970
889,Danielle,Roberts,erinrivera@hotmail.com,Other,(005)235-4979x2367,Djibouti,02-11-1985
890,Brenda,Mendez,michael35@chan-martinez.com,Female,929.521.2481x681,Taiwan,15-02-1979
891,Jennifer,Caldwell,michael08@yahoo.com,Female,-4258,Falkland Islands (Malvinas),18-08-1970
892,Travis,Bowman,derek29@harmon-bowers.com,Other,391-324-2041x1253,Saint Kitts and Nevis,19-11-1959
893,Joseph,Scott,mcdanielbetty@sullivan-gordon.com,Female,686.533.8712x1780,Bangladesh,14-10-1968
894,Shelly,Weaver,kristenmendoza@yahoo.com,Female,369-641-8915,Timor-Leste,30-11-1997
895,Tamara,Mckenzie,amy57@zhang.biz,Female,001-562-411-0937x9137,French Polynesia,06-05-1993
896,Jonathan,Jones,johnconley@collins-kim.com,Female,(456)643-3352,Kiribati,09-08-1955
897,Mark,Wheeler,osnyder@gmail.com,Female,453-225-6245,Tonga,21-08-1991
898,Stacy,Chen,suzanne87@gmail.com,Female,332.833.0867x943,Cocos (Keeling) Islands,28-08-1987
899,Megan,Newman,jason77@wood.com,Other,575-410-0927x100,Syrian Arab Republic,01-10-1985
900,David,Macdonald,matthew52@yahoo.com,Male,-7267,Norway,15-12-1957
901,Mark,Glover,jeffrey25@yahoo.com,Male,3883974960,Niue,24-06-1958
902,Paul,Ho,lphillips@hotmail.com,Female,591.270.5690x61340,Faroe Islands,03-05-1956
903,Carol,King,ericbentley@washington-bryant.info,Male,473.106.1476x41370,Holy See (Vatican City State),09-10-1990
904,Matthew,Lewis,kristopher50@wise.org,Male,+1-765-819-4659x924,Italy,08-12-2003
905,Pam,Harvey,lopezstacey@harris.com,Female,6026552023,Kenya,10-11-1998
906,Kevin,Griffith,halleric@swanson.info,Other,+1-172-895-8858x18232,Bouvet Island (Bouvetoya),23-01-1962
907,Robert,Carlson,sbradley@moran.com,Female,(750)449-5756x92187,Guyana,27-01-1955
908,Elizabeth,Williams,corey99@yahoo.com,Male,(271)023-4463x6173,Malta,30-09-1995
909,Sarah,Martin,misty64@gmail.com,Female,333-252-3752x569,Antarctica (the territory South of 60 deg S),24-01-1986
910,Mary,Oliver,gordoncatherine@jones.com,Male,+1-524-117-7129x513,Andorra,18-01-2006
911,Thomas,Pena,rhondagreen@thomas.com,Female,582.210.0336x876,Norway,22-09-1981
912,Ryan,Hester,nelsonjoel@bennett-smith.biz,Female,(683)366-0779x330,Denmark,19-12-1966
913,Shelby,Rhodes,schmidtalyssa@gmail.com,Female,(785)896-1629,Antigua and Barbuda,22-04-1992
914,Samantha,Gardner,pmathis@clark-ingram.com,Other,166-688-3350,Lao People's Democratic Republic,30-12-1954
915,Jamie,Benjamin,ashleyjordan@hotmail.com,Other,737.096.6048,France,22-04-1978
916,Jeffrey,Jones,david63@hotmail.com,Other,103-938-1975x97993,Kenya,30-10-1973
917,Lindsay,Rivera,cookjeffrey@yahoo.com,Male,(876)197-6866x0585,Tanzania,19-08-1958
918,Brian,Jackson,andrew78@yahoo.com,Female,494-487-8343x921,Heard Island and McDonald Islands,13-11-2001
919,Kayla,Lyons,cjohnson@santos.net,Other,381.270.2788x360,Portugal,19-12-1971
920,David,Lutz,dakotastone@gmail.com,Male,+1-451-488-0972x602,Syrian Arab Republic,08-06-1969
921,Brittany,Beck,lisa55@blackburn.net,Male,+1-973-713-8066x110,Indonesia,28-03-1955
922,Robert,Bautista,michael34@leblanc.net,Other,9632757417,Zambia,04-09-2002
923,Lisa,Hooper,henry75@johnson-gallagher.net,Other,375-786-4511x7453,Nigeria,14-10-1970
924,Alexandra,Huang,campbellrebekah@morrison-arroyo.net,Male,001-962-465-7798x406,South Africa,14-04-1959
925,Robert,Lee,april40@bennett.net,Female,(900)409-1641x5697,Hungary,28-03-1962
926,Eric,Cooper,mitchell01@barker.com,Other,456-017-3164x13981,Venezuela,13-01-1959
927,Scott,Cochran,xwhite@parker.com,Male,(750)025-9486,Gibraltar,10-11-1956
928,Debra,Alvarez,washingtonscott@fisher-morales.biz,Male,373.615.6018,Korea,08-07-2001
929,Robin,Woods,davislindsay@phillips.com,Female,4899408400,Italy,15-06-1959
930,Dakota,Osborne,vcooper@mitchell.com,Male,575-750-4735x143,Burundi,01-12-1976
931,John,Anthony,allison65@jones-willis.info,Male,781-380-6136x54213,Suriname,03-07-1979
932,Patricia,Fox,bcollins@stark-nguyen.com,Female,024-974-9641x24238,United States Virgin Islands,26-07-1985
933,Brian,Valenzuela,daniel82@gmail.com,Female,(779)103-2610,Sri Lanka,09-05-1990
934,Allen,Obrien,carrie04@morrison.info,Female,+1-199-111-6841x6763,Ukraine,03-04-1976
935,Rebecca,Turner,stewartdavid@hotmail.com,Other,545.454.1356,Guinea-Bissau,23-12-1996
936,Laura,Wade,seth53@evans.net,Female,001-776-108-0680x32312,Antarctica (the territory South of 60 deg S),07-05-1959
937,Amanda,Lewis,bradleytiffany@hernandez-kaufman.com,Male,587-342-0910x49859,Sierra Leone,02-05-1985
938,Donna,Garcia,davidpetersen@gmail.com,Male,001-943-893-5572x3599,Kenya,22-11-1987
939,Kimberly,Rivera,leslie93@gmail.com,Male,(986)858-8179x458,Cook Islands,01-08-1979
940,Elizabeth,Malone,avilakimberly@alvarez.com,Other,001-479-759-0818x25039,Yemen,10-04-2005
941,Richard,Nichols,jonessean@yahoo.com,Male,393.785.2689x11679,Cayman Islands,10-12-1974
942,Katelyn,Stephens,jerrywalker@leonard-hampton.info,Female,(962)959-1000x4409,Martinique,16-08-1958
943,Andrew,Bennett,jessicasherman@yahoo.com,Other,527-159-2769,Uruguay,23-05-1955
944,Bianca,Johnson,josephnguyen@gmail.com,Male,001-101-483-0685x191,Faroe Islands,27-12-2000
945,Thomas,Ball,joshuawaters@gmail.com,Male,525.398.8522x8328,Czech Republic,05-09-1980
946,John,Caldwell,mmcguire@rich-martin.com,Male,9329338270,Seychelles,29-06-1992
947,Nicholas,Davis,elizabethwilliams@williams-hebert.com,Other,(307)943-0461x241,Brazil,29-01-1981
948,Melissa,Moore,shannonanderson@hotmail.com,Male,561-091-4363,Sudan,23-02-1987
949,Lee,Mills,wstewart@ballard.biz,Female,5016860899,Mayotte,11-09-2002
950,Joseph,Davis,jhale@hotmail.com,Male,-8336,Nicaragua,28-04-1985
951,Christina,Dixon,carrie71@yahoo.com,Female,(226)061-2166x22276,Svalbard & Jan Mayen Islands,04-02-1989
952,Michelle,Watson,uparrish@hotmail.com,Other,075.960.1617x359,Romania,29-06-1990
953,Lindsey,Adams,melissa76@hotmail.com,Male,001-042-205-7419x795,British Indian Ocean Territory (Chagos Archipelago),24-11-1975
954,William,Donovan,rebecca65@christian-melton.biz,Female,001-327-642-8399x0362,Samoa,19-07-1984
955,Troy,Stein,hansentimothy@melendez.org,Female,-10272,Ethiopia,21-08-1995
956,Denise,Rodriguez,andrew60@gmail.com,Female,(018)867-8959x67416,Iran,28-04-1976
957,Andrew,Adams,dillonturner@velazquez.net,Female,+1-881-047-9840x364,Spain,04-02-1993
958,Deborah,Hood,jameshardin@benitez.com,Female,(081)121-3957,Aruba,03-10-1958
959,Patrick,Watkins,toni48@morris-buckley.biz,Other,+1-637-789-9000x15641,Aruba,06-09-1989
960,James,Martinez,brian65@gmail.com,Male,+1-080-376-7895x87994,Argentina,20-10-2001
961,Dorothy,Chandler,anthonystevens@thompson.org,Male,(664)497-1999x76894,Equatorial Guinea,06-02-1958
962,William,Webster,petersonjeffrey@gmail.com,Female,-9550,Nauru,28-07-1999
963,Lauren,Jennings,kgarza@yahoo.com,Female,(556)522-4353,France,06-05-1987
964,Vincent,Martinez,kgarza@miller-franklin.com,Other,+1-221-582-2848x83443,Uzbekistan,29-01-1988
965,Kenneth,Jones,donald30@carter-myers.com,Male,(016)988-3895,Cape Verde,27-07-1986
966,Amanda,Schaefer,brownnicole@gmail.com,Other,001-935-449-2291x700,Portugal,16-04-1977
967,Steven,Cox,devon91@hodges.net,Other,676-320-2367x73655,Indonesia,17-08-1971
968,Kathleen,Cooper,angelamartinez@gmail.com,Other,290.343.0277,Seychelles,02-08-2001
969,Cynthia,Moore,brandall@russo.com,Female,001-056-869-8557x528,Guyana,20-01-1969
970,John,Lewis,vbarrett@hall.org,Female,750-813-5228x6885,Mauritius,16-11-2001
971,Colleen,Clements,flynnmadison@savage.com,Female,001-374-976-6539x7450,Netherlands,25-11-1983
972,David,Harris,gstafford@hotmail.com,Other,(858)506-0255x85984,Libyan Arab Jamahiriya,29-07-1965
973,Samuel,Mueller,jjackson@campbell.net,Male,363-800-2664,Morocco,29-12-1961
974,Carl,Nielsen,thale@stokes.com,Other,(880)518-3836,Congo,13-10-1985
975,Brian,Hopkins,kpugh@gmail.com,Other,837-624-7081x5873,Afghanistan,08-08-1989
976,Anthony,Morrison,mcdonaldbarry@yahoo.com,Other,935-897-2990x29851,Switzerland,20-01-1982
977,Christopher,Bell,burtonamy@yahoo.com,Other,552-472-5967,Saint Barthelemy,22-07-1974
978,Sarah,Watson,jatkins@gmail.com,Other,878.991.9423x8052,Poland,23-09-2005
979,Nathaniel,Taylor,jessicatorres@castro.com,Female,450-528-3280x24040,Guernsey,20-07-1974
980,Jessica,Perez,vcook@newton.com,Other,+1-957-453-9102x70167,United Kingdom,08-12-1975
981,Tristan,Lee,kimberly47@morgan.biz,Other,001-534-340-0310x94724,Russian Federation,12-02-1955
982,Joseph,Moses,teresarichardson@walter.com,Male,001-234-111-5165x24603,Reunion,19-07-2003
983,Justin,Mcmillan,jonestimothy@hotmail.com,Other,026.157.9809,Niue,26-03-1965
984,Alicia,King,walkerheidi@hotmail.com,Other,213-255-2984,Netherlands Antilles,17-07-1962
985,Michaela,Cruz,orowland@smith.com,Female,-2984,Guyana,15-06-1982
986,Amber,Hodge,yfarmer@gmail.com,Other,-2970,Cape Verde,03-12-1986
987,Marissa,Fuentes,tmcdonald@hotmail.com,Male,-10736,Equatorial Guinea,26-09-1995
988,Stephanie,Ewing,leecarla@vega.com,Male,001-971-912-7655x626,American Samoa,12-08-1990
989,Ryan,Lawrence,marycook@gmail.com,Male,667-372-0609,Switzerland,25-06-1965
990,Thomas,Mann,janetjohnson@wright.com,Female,(123)623-1925x676,Chad,06-06-1982
991,Justin,Torres,abowman@yahoo.com,Female,264-265-4543x40072,Belize,23-04-1964
992,Danielle,Lopez,christopher41@vargas-suarez.com,Male,525.300.7830x52050,Equatorial Guinea,01-02-1960
993,Susan,Mckenzie,sherisoto@yahoo.com,Male,692.230.0289x90831,Netherlands,29-12-1965
994,Samantha,Davis,zachary40@andrews-lara.com,Other,698.759.9208,Honduras,05-09-1979
995,George,Walker,bwilson@yahoo.com,Female,(999)764-0161x929,Falkland Islands (Malvinas),19-08-1980
996,Nicole,Sweeney,heatherjones@mack.com,Other,253.498.9190,Liechtenstein,15-05-1969
997,Stephanie,Arias,johnmoore@jones.com,Male,001-045-169-8570x08486,Liechtenstein,29-06-1985
998,Kelly,Gordon,stacy98@hotmail.com,Male,479.823.0167x4385,Marshall Islands,20-08-1977
999,Shirley,Duncan,mcclaintracey@conrad-morgan.com,Other,+1-449-838-8895x065,Ethiopia,26-12-1985
1000,Crystal,Sexton,michael14@calderon-boyd.net,Male,343.927.3323,Bermuda,26-01-1966
